text,label
"Kami bergejala ringan bisa jd krn memang kenanya Omicron yg katanya gejalanya ringan, bisa jadi krn perlindungan vaksin jd gak kena gejala parah. Kami semua sudah fully vaccinated.Dari kami ber-4 yg terkonfirmasi positif, yg pakai demam tinggi adlh yg blm sempat suntik booster.",1
Demam biasa doang kok bukan covid,0
Finally sekeluarga negatif. Tengkyu covid dah singgah di diriku. Besok-besok jangan lagi yaaa,0
"Hari ini aku batuk + tenggorokan gatel bgt, akhirnya swab di lab and again negatif yeyy",0
"Padahal sdh swab dan hasil negatif, tapi masih tetap meler dong.",0
omicron serem bgt udh booster pfizer pun ga nampol:( alhamdulillah aj si tumbang gini cuma tipes bkn covid:( jd ga mau ke solo elahhh tp praktikum:/ daring lg deh gpp serem bgt gamau covid ai,0
gue positif...,1
Alhamdulillah negatif lagi . Wes jadi master covid ini mah ğŸ˜‚ https://t.co/j5yQxhaU1l,0
"Ga enak badan, kepala pusing.. Bukan gegara covid, krna ga punya uang aja",0
"Negatif corona, positif vvibu",0
Badan panas tenggorokan sakit jujur tkt bgt covid. Covid masi ada ga si sbnrnya?,1
Day 2. Lengan kiri gue masih sakit. Ini ditambah pusing + demam. Tadi jam 2 an juga gue menggigil,1
"Thankyou JesusğŸ’—ğŸ˜­
setelah diisolasi 8 hari, akhirnya negatif covid ğŸ™ğŸ» https://t.co/hI8xvM3bB9",0
"akuu, pernah ngerasain gejala kyk omicron tapi alhamdulillah negatif",0
"2 hari d nyatakan positif omicron, gila kepala berat bgtt, ngilu, hidung mampet, tenggorokan gatel + batuk kering, sesek nafasğŸ¤•ğŸ¤•ğŸ¤•ğŸ¤•",1
"Gw juga lagi positif.. dari kemarin gabut karantina sendiri di rumah. Gapapa ya sayang, kita sembuh bareng bareng.. ğŸ’œ",1
negatif corona positif keleleken https://t.co/RKu1UyxPdn,0
"kmrn habis PCR, hasilnya td subuh, dan positif omicron ğŸ˜¬",1
"Negatif covid
Positif sayang kamu",0
"yoon aku bahagia banget sekarangğŸ˜­akhirnya aku negatif covid. minggu kemarin ku sakit, terus positif covid sekarang udh negatif, aku swab tes mlm ini dan hari senin udh harus berangkat sekolah, ngejar nilai tugas, harus ulangan susulan tapi gpp sekarang aku udh sehat https://t.co/vzJs38AYCx",0
"kok aneh ya badanku padahal panas, batuk, flu, tenggorokan sakitnya tidak seperti biasa di swab .. hasilnya negatif ..  harusnya positif .. dijalan tadi mikir ( apa alat buat tesnya rusak ) :)",1
"Oh ha gw udah negatif covid, senin kerja lagi. 
Ajg",0
hasil swab gue negatif juga,0
"pala puyeng, idung pilek, badan panas, tenggorokan sakit, suara bindeng. NT covid",1
"aku negatif c word cm knp tiap hari demamâ€¦. bknnya mau self diagnosed, tp jgn2 aku tipes y",0
"positif covid tuh ga enak banget
pernah waktu mandi tiba"" gua kerasa sesek nafas padahal kamar mandi gua tuh lumayan luas, ada fentilasinya juga",1
Hidup negatif banget sampai sesak nafas..,0
dada gw udh mulai sakit kalo gw batuk anjir ini bukan gejala omicron kan?,1
"Negatif covid, positif gejala tipes ğŸ™ƒ 

Mantap berasa ngambang",0
"ini seluruh badan pegel bgt dr kemaren, tp bukan pegel covid tp asli si kaki gue jd sakit bgt buat jalan, knp ya :â€™)",0
Tumbang....jdi positif omicron ğŸ˜¢ğŸ˜¢ğŸ˜¢,1
Resmi negatif byee https://t.co/BXeRINmZ20,0
"2 bulan sembuh dari covid impect nya bikin rambut rontok parah, sering sesek nafas, gampangan cape, haid sebulan 2x , gampang sakit tenggorokan, padahal w kena covid ringan aaa kesel pen pulih total gimana si?",0
3 kali batuk demam pilek tiap di tes selalu negatif. Kyknya klo digigit zombie jadi hybrid,0
"Batu empedu sama covid. Kalau kumat muntah terus, badan menggigil, terus hilang tenaga dan itu minimal semingguan. Kalau covid sesek banget buat nafas susah",1
dan gue udah g bisa nyium bau jarak jauh,1
udah ngerasain gejala ga enak nih dari batpil sampai sekarang badan udah mulai angetğŸ˜©,1
negatif copid positif campak ğŸ¥²,0
gw seminggu libur karna positif tugasnya segunung FCKKK GAUSAH LU TITAP TITIP INJ BUMAN PENITIPAN HELM,1
"yaAllah gue juga lagi positif, malah liat kabar taehyung positif covid juga:( get well soon buat kita beduağŸ˜¢ğŸ˜¢",1
Maaf ya baru balas dm teman2. Kemarin2 sibuk ujian dan sekarang positif covid ğŸ™ğŸ»,1
"Gw mau share aja pengalaman gw waktu hasil PCR gw positif. Lumayan panjang, karena hasil PCR gw baru negatif di hari ke-27 :)

Hari pertama. Hasil PCR gw positif. Deg. Kekhawatiran itu terjawab. Tenggorokan gatal yang dirasakan dari sehari sebelumnya sudah jelas penyebabnya apa.",1
"negatif omicron, positif sakit gigi",0
2022-02-22 Me Finally NEGATIF COPID anjerrrrr ğŸ’ªğŸ»ğŸ’ªğŸ»ğŸ’ªğŸ»ğŸ¥²ğŸ˜©Bahagia bgt sumpah trauma juga si wkwkwkkw,0
"Pertama kali tau positif ga kaget sih. Gejalanya soalnya mengarah ke sana semua. Demam, menggigil, ngilu2, batuk, flu dikit, kliyengan. Alhamdulillah tenggorokan ga sakit. 
Kyk yang ya udah kalo harus sakit sekarang gue ikhlas.",1
"Januari baru dua hari, kenapa udah nemu positif covid lg yaallahğŸ˜«",1
Cape bgt kena covid jilid 2 ğŸ˜¢,1
"why aku gabisa nyium apa apa :"")",1
"Efek covid bener bener luar biasa di badan. Selain kalo kecapean gampang engap dada ga enak, meriang, sekarang sakit kepalağŸ¥²ğŸ¥²",1
"Isolasi Mandiri. 
Test PCR positif.
Gejala hny 1 hari. Batuk, sakit kepala, badan lunglai, tenggorokan panas.",1
Tenggorokan kalo udah sakit ditambah batuk ditambah lagi ga enak badan udah parno aja takut keba covid lagi :((,1
"dada sesek kirain covid, ternyata ngeliat duit di rekening mulai menipis",0
Alhamdulillah fi gw juga negatif ğŸ¥²,0
"Alhamdulillah udah negatif guys ğŸ˜­ğŸ˜­ğŸ˜­ğŸ˜­ğŸ˜­ğŸ˜­ makasih banyak buat doa dan dukungannya, maaf ya minggu lalu aku ngamuk2 di twitter ğŸ˜­ğŸ˜­ğŸ˜­ğŸ˜­ğŸ˜­ğŸ˜­ https://t.co/6XifUwzJG3",0
Kena covid yang kedua baru baru ini ada kesalahan besar yang aku lakukan. Anggap remeh ini covid ğŸ˜Š,1
"ini hari ke 5 isolasi tinggal batuk dan pilek aja hm. semoga lekas sembuh buat aku dan kalian terhindar dr covid. jangan lupa prokes, makan teratur, minum vitamin dan olaharagaağŸ°ğŸŒ¼",1
"negatif covid, positif mleyot.",0
"Jadi covid ini tu aneh banget. Udah negatif, tapi masih mual mual, sakit kepala sangat, insomnia, dan batuk.
Kapan sehatnya ini aku ğŸ˜­",0
"orang yg kelihatan baik2 aja positif, lah gue udah 3 minggu batuk terus Alhamdulillah 2 kali pcr negatif terus. berarti emang gue udah kebiasaan batuk bukan covid ya guysğŸ™",0
"Baru bangun tidur siang badan berasa ga enak
Kirain kena covid
Taunya ga punya duit",1
"Negatif covid, positive sayang2an tapi gak jadian :)",0
gw prnh kena prank jd wktu itu gw sesak napas kan kirain covid trus gw tes trnyata negatif covid positif sakjiw,0
"jadi parnoan krn covid, mana skrg lagi ga enak badan:( temen udah banyak yg positif,  lebih was was aja sih skrg.",1
"Hari ke-5 positif cvd..
Kepala berat banget, berasa ada yg jedotin. Perut berasa diaduk2, nafas dah 1-2 1-2ğŸ¥²",1
"Perasaan gua kgk keluar rumah, diem aja, ga ada gejala apa apa, eh waktu di test, positif covid.",1
"Alhamdulillah antigen negatif

Dah parno aja gegara tenggorokan suka kering dan gatel berujung batuk. ğŸ˜­",0
alhamdulillah akhirnya negatif copid YaAllah mau beli sampo,0
"Tiap malem cuma berserah aja. Jujurly ini covid se menyiksa itu di my body. Sakit kepala, mengigil, tenggorokan sakit minta ampun kayak mau nelen aja sulit",1
Dan ternyata hasilnya positif. ğŸ˜…ğŸ˜… saya sudah curiga sih. Pas ngantri di loket. Ditambah kondisi masih tidak fit sehabis operasi.,1
"ini aku ga covid kan ya? anjir lah lemes, batuk, sakit tenggorokan, sesak nafas anjir, mana sakit kepalağŸ˜­ğŸ˜­ğŸ˜­ğŸ˜­ğŸ˜­ğŸ˜­ğŸ˜­",1
"Kamu punya masalah badan lemes, tenggorokan sakit, mata berkunang-kunang. Tenang jangan panik, itu bukan covid.

Tapi keracunan janji manis.",0
"Baca gejala covid varian baru omicron jd parno sendiri. Kebetulan bgt skrg lg sakit kepala, sakit tenggorokan, pilek, demam & sakit badanğŸ™ƒ",1
Akhirnya diriku syudah negatif~ bye covidğŸ˜¾ğŸ‘‹ğŸ»,0
Udah 3 hari dinyatakan positif covid omicron bosen karantina scroll tiktok & twitter . harus ngapain lagi bestie ?pengen buru2 masuk kantor aja  dehğŸ˜­,1
"Ya Allah, kirain aku meriang mau demam, udah takut kena covid(amit amit ya Allah) soalnya tadi dari kampus, ehh ternyata mules terus berak, kelarr dehh enakan awokwok",0
"Dinyatakan positif Covid tanpa gejala berat, tetap bisa tenang dan sabar.",1
"Teman angkatan pada positif hamil
Lah gw positif omicron ğŸ˜‘ğŸ˜‘",1
"bulan lalu dirawat dbd, sekarang cvd, alhamdulillah ala kuli hal. semangat sembuh cepat karena aku suda tidak dicover sebagai anak peg bumn lagi ğŸ˜‚",1
"Tiba"" ga enak badan, tengorokan radang hufttt masih positif thingking si semoga bukan covid karna penciuman masih oke makan juga masih ada rasa 
Btw sakit dan jauh dari siapa"" ga enak ya, meskipun ga gimna"" tapi rasanya sedih aja hehe ğŸ˜Œ 
Cepet membaik ya aku",1
"Negatif ya. Sampe gw difitnah lagi dirumah gara2 kena c word, Capek banget 2 hari ini nahan emosi buat ga ngamuk dirumah gara-gara dikirain positif. https://t.co/phgKcu8nvv",0
"negatif sih yon, bukan sakit cvd wkw",0
Negatif copid tp positif sinting,0
"Gw isoman hari keempat, yg gw rasain gak ada gejala Alhamdulillah. Cuma bosen doang gak bisa kmn2",1
kemarenan radang tenggorokan pas swab ehh positif,1
"positif lagiii ascjwijxoskskwbcuwnxoejodğŸ˜¥ğŸ˜ª

mungkin ic pgn lbh lama lagi sama gw ya",1
"Kukira covid anjir, kurang fokus nih guaa",0
hasilnya masih positifğŸ˜¬ğŸ‘karantina lagii,1
"omicron, mirip banget sama flu tapi aku dari jumat demam tinggi sama keringet malam, ditambah nyeri otot juga, kirain flu eh pas antigen ternyata covid ğŸ¥² be careful ya kamuu, sekarang lagi tinggi banget penularannya",1
"Jujur pengen banget test swab, soalnya udah beberapa hari ini ngerasain gejala-gejala nya tapi blm ada uang.. hshshs takut akhirnya beberapa hari ini cuma minum Paracetamol sama obat batuk biasa.. semoga aja deh ga kenapa-napa.. ğŸ˜”ğŸ˜”",1
sakit hampir 2 minggu kirain covid ternyata tipesğŸ™‚,0
"kirain demam karna covid, taunya blm ketemu ayang",0
"Alhamdulillahhh hasilnya negatif, berarti sakit beneran ini mah ga ada campur fgn copid",0
"gue kira sakit karna covid, ternyata liat kamu blok aku,xixi",0
Masih nyimpan ini dulu Pas gw kena covid https://t.co/LDlLlyAJtt,0
"Morning makji, tadi habis tes antigen hasilnya Positif... Semoga dapet notice makji ğŸ¥º biar bisa beli makan saat isoman soalnya aku anak kosğŸ˜­ğŸ˜­ğŸ˜­ https://t.co/L8e4y5TmSV",1
"Saya, istri dan anak juga pernah positif mas,tapi saya dan istri bergejala,sedangkan anak saya yg 7 Thun sehat2 saja,sampai saat ini saya belum ijinkan anak saya di vaksin",0
"Udah negatif dari omicron, cuaca udah cerah, tugas gaada yang numpuk, tapi gakeluar kenapa coba.. yup betul, gaada duit",0
"Dahlah sedih kena covid, sedih pula dapat berita convo extend hm ğŸ’”",1
"gejala covid tp blm pcr, msh tmn",1
"day 5 

â€¢ tenggorokan sebelah kananku sakit jika menelan. 
â€¢ anosmiaku belum kunjung kembali. 
â€¢ pusing dan pening sudah membaik.
â€¢ hidung terasa ga nyaman.

aneh bgt, dikasi minum obat malah makin nmbh gejala :(",1
"alhamdulillah dah negatif ğŸ¥° yang males tu bukan cuma demam batuk pas covidnya aja, tapi recovery dari lemas dan sesek nafasnya juga malesin",0
"Arghhtt..
Masa harus kena covid 2x ğŸ˜¢ğŸ˜¢
Rasanya kaya anjim",1
Finally ğŸ˜­ akhirnya aku negatif dari covid,0
"DAY 5 (16/02 23:59)

Badan cenderung sama kyk kemarin tdk ad perubahan, masih batuk & sdikit radang,

Hari ini coba buat antigen lagi dan yakk masih positif, pdhl badan ini terasa sangat segar.

Obat dan vitamin yang eug minum hari ini:
- Vitamin C, D, B
- Paracetamol
- Cortidex https://t.co/wVWxctSxT9",1
"gausahhh, gw meriang, pilek, anget juga tetep negatif ğŸ˜ƒğŸ‘",0
"Badan lemas gak semangat kirain kenak covid, rupanya gadak duitğŸ¤¦â€â™‚ï¸",0
BISA-BISANYA POSITIF OMICRON ğŸ˜­ğŸ˜©ğŸ˜©,1
Hasil pcr negatif tapi badan masih meriang batuk pilek kek mau tumbang. Akhirnya ke dokter juga biar diresepin 4nt1biot1k ğŸ˜‚ğŸ¥² https://t.co/RQczCzey4I,0
"Negatif omicron, Positif mumet. ğŸ’†ğŸ»â€â™€ï¸",0
"sakit tenggorokan, demam, sakit kepala, badan nyeri smpe susah bangun trus idung mampet n batuk batuk ğŸ¥º antigennya negatif tp pas PCR positif ğŸ˜¢",0
"pusing dan lemes bkn krn covid, tp udh msuk mid term jd tugas udh gak waras semuanya :(",0
hallo dari aku yg pulang dari rumah sakit kirain covid ternyata tipes ğŸ˜­,0
Ini bukan corona tp HIV,0
Merayakan negatif covid dengan dandan jam segini banget. Happy pokoknya aku cantik!!!! Titik!!!!!! https://t.co/pzPahzAARS,0
"Kirain aku demam krn ga punya ayang haha ternyata karena covid. Getting worse when I'm here with covid and no ayang.
Sad :(

LOL",1
"5 hari lagi isoman selesai, terus swab lagi semoga aja negatif tp aku malah ngerasain gejala omicron :') rambut rontok batuk terus sesek nafas gausah ditanya kurang kuat apa aku ya Allah",1
"isoman day 1,

pertama kalinya kena covid, entah varian apa ini. gejala: tenggorokan sakit, demam, mual, batuk pilek, nyeri otot, dan sekarang batuk berdahak dan semakin nyeri tenggorokan nya. mulut mulai kerasa pait ga bisa ngerasain apa-apa",1
napa gejala covid tu ada di gua semua ya bangke:),1
"Negatif covid, positif rindu. https://t.co/gx2ReSTKLt",0
"gw juga baru positif nihh Ndah
ğŸ˜”",1
"Ada acara keluarga, sakit (demam gitu/ga enak badan), ga boleh keluar krn covid",1
"Gue positif, lgi isoman udh gk bisa nyium bau apaÂ² doain gk d word beneran kkk",1
"Hari pertama positif 
Gejala: demam, batuk kering, tenggorokan kering, pusing
Nafsu makan masih bagus
Makanan masih terasa (gak hambar)",1
"Ok, akhirnya saya positif. Dengan gaya hidup di Bali yang seakan tidak ada pandemi & sering berinteraksi dekat dengan orang-orang positif sejak 2020, itâ€™s amazing baru sekarang dapetnya. Ini pun cuma batuk pilek tanpa aneh-aneh lainnya. Alhamdulillah ya Allah. (A THREAD) https://t.co/UgSZvqesOE",1
"Serak dikit antigen ges. Gw trauma ama hasil, untung negatif ğŸ˜‚",0
"Gw tenggokan gatel, terus swab tuh besoknya karena kontak dg org positif 5 hari sebelumnya. Alhamdulillah hasilnya negatif. 

Jadi dasarnya, klo emg gak covid, InsyaAllah gak bakal positif.",0
"Aku positif trus di panggil ""si omicron"" sama temen wkwk
Aku becandain ""iya bentar lg mati""
Dan dia ""wkwkw sa ea lu"" ekspresi saat bacanya ğŸ˜’",1
"lagi sesek nafas jg frenn bukan covid,tenang ....",0
NEGATIF HAHAHAYYYYY AKU BISA KERJA LAGI https://t.co/2R9eoQirYc,0
"Ni kalo sampe covid w ternyata varian omicron, cepet bgt nularnya walau tanpa gejalağŸ™‚ ya gejalanya dikit si nyaris seperti tidak bergejalaâ€¦",1
karena sy dah negatif covid ğŸ˜,0
"Tepat hari ini tanggal 9 februari aku positif covid-19 dengan gejala ringan,sakit tenggorokan,batuk,pilek,tenggorokan juga gatel banget 

Aku pengen Semua baik2 aja dan aku sehat seperti semula",1
"Kukira aku kena covid, ternyata cuma kurang kasih sayang",0
"Dari sekian banyak hal positif, kenapa yang saya miliki hanya positif covid :')",1
"Qadarullah pak suami negatif NS-1 positif covid, plus ku jg sama positif covid. Suami cm bergejala 3 hari di awal (demam 40 derajat) skrg pilek ma batuk2. Ku baru ada gejala kemarin, demam 38 drjt, pusing ma linu2 badan",1
"positif copit ges, WKWKWKKW AAAAAHELAHHH",1
hasil test pcr sy negatifğŸ‘ğŸ‘ğŸ˜ƒğŸ˜ƒğŸ˜ƒ,0
"gue 4 hari batuk, pilek&demam rasanya ga enak bgt, sesek nafas pula. alhamdulillah negatif c word. kasian klo lansia atau balita yg sakit kya gini, ga banget..",0
"Hallo yg nungguin aku kemarin. 
Maaf yaa aku off karena sempet (+) positif. 
Dan hari ini aku (-)negatif 

Tunggu update jadwal nya yaaa https://t.co/joAMukfGKV",0
pengalaman aku keringat dingin tremor pusing mual mau muntah kirain covid 19 ternyata rate off pity 10,0
Alhamdulillah merasa lega juga pas hasilnya negatif. Resmi jadi alumni covid haha. Thanks 2022.,0
gua skrg ngidam bnyk makanan anjir kayak orang hamil ğŸ˜­ padahal psoitip copid bukan positif hamilğŸ¥²,1
Swab antigen sendirilah dirumah buat makesure aja dan qodarullah nya gue positif wakaka akhirnya batal buat nemenin mamah buka puasa ğŸ¥²ğŸ˜…,1
Doakan saya satu family sembuh dari covid :'),1
yg bilang covid skrg gejalanya b aj siapa daaah? aslii ini kaki kek lumpuhhhhh anjjir,1
"anjir sumpahhh w sakit tenggorokan. uda ngerasain gejala sakit tenggorokan, batuk, pilekğŸ˜­ semuanya muncul setelah semingguan ke kampusğŸ˜­",1
"tenggorokan gatel udh berhari2 tp mau antigen/pcr negatif semua, jd bingung harus apa https://t.co/lJsAk1KDL3",0
negatif ğŸ˜‹ alumni covid ni bossttt,0
"Mau mandi, keramas, tapi badan bener2 ga enak bgt rasanya. 2 hari ini badan lagi berasa remuk bgt dan rada demam. Langsung parno covid ğŸ˜¢ kayanya harus swab deh nanti",1
"Di masa pandemi ini, kata ""negatif"" gk selamanya ""negatif"" . Alhamdulilah Negatif dari covid omicronğŸ™ğŸ»",0
Huwaaa aduh gue positif astaghfirulloh ya allah selamatkan aku ya Allah. Bismillah tobatttt,1
selamat 1 mingguan positif copid wahai diriku ^__^,1
Alhamdulillah antigen aku udah negatif bestie,0
"Awal oktober gue malah sakit tenggorokan udh gtu flu dan ga enak badan
Seharian cuma istirahat.
Semoga ga covid-19",1
"Abs  kontak fisik sama orang yg positif c19 :
Day 1 sakit tenggorokan
Day 2 pilek
Day 3 sakit tenggorokannya udh sembuh,tp malah batuk pilek ğŸ˜ƒğŸ‘",1
"takut kena c word ke 2 kalinya deh
gejalanya mirip sama yg pertamağŸ˜·",1
"Hi, aku tanpa gejala & sehat tiba positif ğŸ˜Œ kaget ga panik ga! Ya ga dong di bawa enjoy di lawan virus nya ğŸ˜ meskipun tanpa semangat ayang ya... Haha but anyway aku udh isoman hari ke-4 dari rumah virus nya Omicron ringan & gejala nya diserang sakit tenggorokan parah (cont) https://t.co/38Boaz06vO",1
"Lemes kena covid bestie, batuknya bukan tambah sembuh tambah berdarah ğŸ˜‚",1
Hari kedua anosmia,1
"Ciri2 org pilek corona sama pilek biasa tuh gimana sih? Aku blom ada duit buat tes. Duit cash 20.000 di bank cuma 3000. Jadi, gimana sih ciri2nya, takut kena si covid ini",1
"Kagett bangett dengernya ğŸ˜­ğŸ˜­ğŸ˜­ğŸ˜­aku juga hari ini dinyatain positif, semoga semua baik baik aja ya ğŸ¥º
Cepet sembuh Taehyung sayang ğŸ¥ºğŸ˜­ğŸ¤ğŸ’• 
#GetWellSoonTaehyung ğŸ’— https://t.co/s4fOXrCnA2",1
"Tapi gw rasa ini bukan Corona siee soalnya w cuman demam, tenggorokan panas, yaa Alhamdulillah masih bisa nyium",0
Soalnya pas kena covid gejalanya cuma sakit tenggorokan kaya gini ğŸ˜­,1
"Yap aku juga kirain sakit biasa, ternyata positif covid gejalanya persiss bgt kaya mas ini. Tapi aku ga batuk berdahak, batuk kering dan tenggorokan super sakit kaya radang gt.",1
mau isoman aja deh gue inimah beneran positif kalau udah seminggu ga sembuh2,1
"Pernah ngerasain bergejala, kyanya kalo dites hasilnya positif",1
Ok kemaren gue swab dan trnyata hasilnya negatif hehehehehehe,0
"asuuu, ggr sekolah gw asrama n nekad ptm tp protokol g diperketat, pas di swab gw jd positif",1
"Pertama kali kena covid, rasanya pusing, batuk, sakit tenggorokan + anosmiağŸ˜· ga enak bgttt dan susah tidur karena batuk muluu.",1
Nih rang-orang kantor kagak terima banget gw gak kena Covid dah. Lagi batuk2 dah seminggu lebih tp selama itu dah colok 2 kali dan negatif trs ğŸ¤£ğŸ¤£ğŸ¤£ğŸ¤£,0
Gue positif tp bukannya demam malah sakit peyut,1
"Sy suda negatif, temen sekelas sy baru tau sy positifğŸ˜®â€ğŸ’¨",0
"Baru dikasih tau my sist kalo covid ada gejala baru, mirip kaya yg w lagi rasain. yaAllah takuddddd, tapi masih bisa ketawa ketiwi ğŸ˜‚",1
"treasure cb, gue positif ğŸ˜ƒ
doain gue ya para moots biar cepet sembuhğŸ˜ƒğŸ‘ğŸ»",1
"Gue lg ngerasain gejala hari ke 7 waktu gue +. Smua gejala gue ada catetannya detail banget. Lidah gue mati rasa tp gue laperan sepanjang hari. 
Wkt itu hari ke 7 gue makan nasi goreng ga ada rasanya sama sekali tp gue laper berat krn udh 6 hari ga bisa masuk makanan.",1
"Negatif covid positif flu akut, ada2 aja ujan pas lagi terang benderang monyet",0
"Sesek nafas, dada sakit, hilang rasa
Kirain covid ternyata patah hatiğŸ’”",0
Tenggorokan kalo udah sakit ditambah batuk ditambah lagi ga enak badan udah parno aja takut keba covid lagi :((,1
"2 hari kemaren demam sampe 39 derajat, terus memutuskan buat pcr. Degdegan dikit tapi tetep optimis (?) yaallah gamau covid, dan hasilnya emang negatif. ğŸ¥²ğŸ‘ğŸ» Sampe dibilang sakti nggak tuh. https://t.co/YI8GOAYdms",0
Tenggorakan sakit kirain covid taunya abis nyanyi she's gone,0
"Ges, gue swab positif awalnya pilek mampet bgt. Trus batuk2 dan demam ringan. Tp malamnya selalu sakit kepala sampe susah tidur. Ini udah 3 hari gejala menghilang eh tadi sore gue menggigil lagi dan demam lagi. Ada yg kyk gini juga ga sih?",1
"ini hari pertama gua tau bahwa gua positive covid19 dan rasanya ga enak, dari kemarin udah ngerasain gejala aneh dan sorenya langsung test dan ternyata dang! padahal gaya hidup gua selama ini udah sesehat itu dan sudah vaksin juga tapi tetap aja Allah berkata lain",1
"Tergantung ada virus covidnya ga.
Gw antigen + pcr pas sakit tenggorokan tetap hasilnya negatif",0
kado valentine malah dpt kabar positif omicron ğŸ¥²ğŸ˜… terkedjoedddd akooooh https://t.co/FkoXF2xU63,1
Yaaa mohon maaf sekarang gw pun sekeluarga positif dan lagi isoman sih ğŸ˜…ğŸ˜… . Jadi ya gw ngomong sesuai dgn apa yang gw alami dan lakukan.,1
yeay alhamdulillah dah NEGATIFğŸ˜­ dah lulus jadi alumni covidğŸ¤£ https://t.co/s3i6yC20NW,0
"Yang nyebelin dari Covid, gejalanya mirip-mirip penyakit kita sehari-hari. Coba beda sedikit gitu, kaya tiba-tiba muka jadi cakepan kalo kena Covid.",0
"sakit tenggorokan, flu, mata gatel

mirip bgt gejalanyağŸ˜­ğŸ˜­ tapi gue ga kemana manaa masalahnya, cuma anter jemput adek les, sama kemaren beli gorengan. tiap keluar juga selalu cuci tangan:(",1
"iya aku kemarin isoman 10 hari, tapi skrng udah negatif.",0
"udah swab tapi sayangnya tetap negatif, emang gaada yg positif di hidup gue",0
"Emang ini ganas bgt... Gue juga 3 hari ini gejalanya kyk omicron tpi blm swab, kalo swab kyknya positif dah ntar aja deh swabnya skrg mah isoman dulu ğŸ˜­ğŸ˜­ğŸ˜­ğŸ˜­",1
"Ni covid agak berasa ya efeknya, jadi gampang cape sama gampang sesek nih nafas",1
"good bye covid, aku dah negatif ğŸ¥³",0
"Gara2 tetangga ada yg positif covid omicron, trus kebetulan keluarga nya punya rumah kontrakan yg baru aja kosong di samping rumah gue persis, dia di isolasi di situ dong, trus gw emg lg batuk pilek beberapa hari ini, jd parno sendiri takut kena covid ğŸ˜©",1
negatif cvd positif stress https://t.co/w2bQsdluAf,0
"Baca gejala covid varian baru omicron jd parno sendiri. Kebetulan bgt skrg lg sakit kepala, sakit tenggorokan, pilek, demam & sakit badanğŸ™ƒ",1
"uda copid, gerd kambuh..ditawarin bedak pulak. 
gak ada yg salah sih dengan nawarin produk ke orang, tp at least sebelum nawarin kan lo bisa basa basi dlu, jadi ada attitudenya gitu bun. yekali org positif covid disuruh bedakan bun, ini aja lg usaha buat negatif ğŸ™ƒ",1
Gue ga nyangka sih bakal kena covid lagi wkwkwk. Semoga abis covid ga tipes juga kaya tahun lalu ğŸ˜‚,1
"Negatif guyssss, in 7 days! Terimakasih semua yg sudah membantu dan mendoakannnn seneng bgt wkwkw

Resmi sarjana covid (walau bkn sesuatu yg bs dibanggakan) wkwkw",0
"Tapi Alhamdulillah sih semenjak udah negatif, dari 2hari yg lalu nafsu makan w udah mulai normal lagi. Alias yoga si laperan sudah kembaliğŸ˜­ğŸ¤Ÿ",0
Hari pertama 2022 aku positif covid. Doakan anak isteri aku selamat. Ameen,1
"Pernah ngerasain gejala ringannya, kalo di test gue rasa pasti positif hasilnya, tapi waktu itu aku mantep di rumah doang. Soalnya waktu itu emg pas lagi karantina dan kasus lagi mblundak",0
Alhamdulillah udah negatif covid ğŸ˜ğŸ™,0
Sesek nafas kirain separuh nafas aku ada diayang eh gataunya covid,0
"Aku terkonfirmasi positif setelah antigen dan pcr. Awalnya temen kantor ada yg positif, tapi pas itu juga sekantor lagi nggk enak badan semua. Besokannya pas sore badan mulai demam dan linu, tengah malemnya panas tinggi sampai 38,9. Karena aku ada riwayat tipes, ku kira cont-",1
"Udah tes antigen, hasilnya negatif. kayanya gw sakit tenggorokan bukan karena covid tapi karena nyemilin bubuk whey protein ğŸ¤”",0
Jangan sampai negatif covid tapi positif HIV,0
tidak bisa kemana-mana aku positif omicron :),1
"Tenggorokan sakit , Batuk pilek covid bukan ?",1
Gw dan suami udah negatif. Anak gw masih positif ğŸ˜,0
"Negatif copid, positif buntu ğŸ˜­",0
Aku sudah negatif covid! Udah keluar dari karantina AFI saatnya aku pulang ke rumah (jebakan umur banget referensinya AFI),0
"kenapa ya banyak banget narasi gini, kemarin gw pusing dan pilek, di swab negatif kok.",0
"gbs tidur jd mo cerita aja, ini hari ke3 aku positif cvd (lagi)

kepapar dr orang rumah (lagi), Alhamdulillah kmrn bdg - bgr naik bis aman, tp trnyata dirumah lg pd skt & br ketauan adekku (+) cvd

ktnya kali ini ringan, tp gtau knp aku malah lebih â€œpayahâ€ dibanding delta kmrn",1
"Sakit tenggorokan+batuk. Kirain kena omicron, ternyata radang amandel+asam lambung

Tp jd gak enak kalau di luar batuk2, takut dikira covid ğŸ™ƒ",0
"alhamdulillah gengs, aku negatifğŸ˜­â¤ï¸",0
"Suhu gw 38,2Â°C koo serem ya (tapi negatif covid)",0
"Semoga aja negatif omicron positif kaya raya, amin",0
"negatif covid, positif setia. bhaaakkk leh ugak ğŸ¤£",0
wkwkwk aku dan keluargakuğŸ¥² sekeluarga positif c word tp mereka cuma tenggorokan gatal. aku tenggorokan gatal + batuk pilekğŸ˜­ bismillah aja deh semoga cpt enakan nih badanğŸ˜­ğŸ¥²,1
"Pusing dikit doang si kek bagin leher ama di alis ke samping telinga gitu tapi lebih  ke badan pegel pegel, anosmia, batuk, ama engap",1
Ku kira covid ternyata pikiranku aja yang lagi sulit~,0
"2 minggu ini sesek nafas mulu, bukan covid tp mikir kahanan",0
"demam kl malem doang + sakit kepala berat + sesek + bibir pecah2 + muka kering + gabisa tidur + diare, padahal pas di swab negatif tp gatau kenapa rasanya sakit bgt:(",0
"Oh update dari kemarin badan anget, hari ini migrain. Kaya kena covid tapi gejala ringan gitu wkwkw",1
"hari ke -4
//mual, mules, sakit kepala dan demam masih seperti hr sebelumnya. sudah ga sering menggigil.
semangat sembuh dari covid",1
Setiap ga enak badan jadi parnoan takut covid anj.ğŸ¤§,1
gw ultah malah sakit tenggorokan help gw takut covid LAGI,1
Ini pertama kali aku positif covid. Aku juga udah vaksin booster. Jd meskipun udah vaksin tetep jaga prokes guys,1
Copid jahat banget gue positif anjirrğŸ˜­,1
"Saranin menu makanan dong -dips! , aku positif covid dan tenggorokan aku sakit susah nelen",1
"Udh 10 hari isolasi, bsk Pcr lagi semoga hasilnya positif",1
"Kalo pagi lemas, sore pusing, malam dingin dikira covid ternyata gejala tipes",1
"gue lg gaenak badan
bkn gaenak lg sie, kena covid anjink
eh harus membaca ini semua harus menyelesaikan sebuah resume astaghfirullah ğŸ¥º https://t.co/p75Bue7NNH",1
cok aku positif ğŸ–•ğŸ–•ğŸ–•ğŸ–•ğŸ–•,1
"Day 1 (+) Flu, Batuk, Demam, tapi ga anosmia dan ga sesak nafas. Everything is good (harusnya)",1
bisabisanya gue positif covid-19 dua kali https://t.co/JiZhQ0GarA,1
"Covid ni memang sakit . Dia serang dada kau . Badan kau jadi lesu lemah . Tetiba sakit kepala tetiba sesak nafas , tetiba badan kebas ğŸ˜”ğŸ˜­ Sakit sangat",1
HASIL PCR SWAB AKU UDAH NEGATIF YEEEEEEE bisa cium bau seblak uwuwuwuwuwuwu https://t.co/vrRVLwlzov,0
kukira pake masker positif covid gk taunya kalah glowing wkwk,0
"Sudah isoman 10 hari, pas PCR masih positif, CT masih 33. Meskipun banyak yg bilang udah gak menular, udah beres isomannya, tp tanggung jawab sosial gw aja ke orang lain, akhirnya memutuskan nambah lagi isomannya..",1
"Banyak mendadak ahli yg bilang jgn swab pas pusing dan flu karena hasilnya positif. Tadi baru swab mandiri lagi dan alhamdulillah masih negatif. Cuma skrg flu, demam dan pusing aja nih. Langsung ngobat paracetamol dan nalgestan. https://t.co/8get0P8Mie",0
negatif covid tuh kabar positif,0
"Gue positif omicron, lebih sakit dripada varian alfa, asli jujur inimah. Paling ga enak pas demam mengigil atau batuk, rasanya kaya urat ketarik semua + badan linu, semoga bapaknya sehat terus ya.",1
"huhuhuhu dari semalem demam tinggi, tenggorokan gatel, badan pegel pas berobat ke dokter juga disuruh swab sumpah deg-degan banget tapi alhamdulillah hasilnya negatif huhuhuhu",0
"mjb, aku gitu kak ditambah orang2 sekitar kena omicron makin parno, tapi aku test pcr negatif eh pas tes lab ternyata tipes",0
"Saya di masa Omicron in8 sudah 2x positif, Alhamdulillah keduanya aman, gejala ringan seperti bapil umumnya plus badan terasa capek.",1
"D-1 gue terkonfirmasi positif si COVID ğŸ˜¤
Semoga lekas membaik diriku ğŸ¥° https://t.co/eGKnI3r8OB",1
AKHIRNYAA NEGATIF!!! Corona kambing memang,0
"Negatif Corona, positif depresi karna pengeluaran",0
"Guilaniiiiiiiiii crut... 
Negatif cvd positif stress herpes pes tipes",0
Bebiii aku negatif jugaa ğŸ¥º @LeeCS_BTOB https://t.co/D0owuqRZoH,0
GUE POSITIF OMICRON AAAAAA,1
Kacau kepala saya mendadak pusing banget dan mendadak panas banget https://t.co/pRWIuHjrHw,1
"aku positif omicron:

-sakit tenggorokan pake banget
-sakit kepala berasa digebukin, dijambak, dihantam ke tembok sampe gak bisa bangun
-pilek tapi aneh, mampet ganti-gantian
-diare
-seluruh badan sakit-linu parah sampe nangis-nangis minta ampun",1
Omicron emang bikin pencernaan bermasalah ya? Atau di aku aja ? Selama positif sehari bisa 4-5 kali nongkrong di wc -_-,1
temen kerja aku ada yg positif jadi akhirnya aku disuruh swab juga ğŸ¥² alhamdulillah aku negatif huhu udah pernah dan jgn sampe positif lagi ğŸ˜­ğŸ™ğŸ» https://t.co/8NRdCvu4PF,0
"Lagi flu batuk tapi pengen beli es boba, yaudah beli ğŸ˜… (eeits tenang aku ga corona ya guys, negatif) https://t.co/GEubVfq5OW",0
"Covid Fighter.
Sakit kepala, demam, bersin.
#SemogaAllahPermudahkanUrusan",1
Udah gak punya duit malah positif covid dahlah,1
"Hari ke 12 postif covid. Alhamdulillah kondisi sudah membaik. Gejala anosmia, demam tinggi, sakit tenggorokan sudah hilang. Masih ada pilek dan batuk yg masih bertahan.",1
"Panas gak juga ilang, pusing mual badan pegal-pegal. Covid lagi apa nih?",1
"Negatif covid, positif overthinking

alhasil disaranin ke psikolog, dan dijadwalin malam iniğŸ™ƒ

gue ngga gila sumpaa hahaha",0
"Ku kira covid, taunya DBD wkwkkwkw https://t.co/kDIALxdXjk",0
Hari ke-6 covid variant omicron. Tenggorokan masih sakit dan gatel banget,1
"Oh gini rasanya covid, ternyata beneran sakit guys. Badan lemes semua, panas tinggi tp kedinginan, pusing minta ampun sampe mau liat hp aja susah.",1
"Kayak kena covid lagi, badan pegel, panas, sampe gak nafsu makan",1
sick bgt sampe positif omicron. bye world btw main yuk hh,1
gak ada rasa kirain covid taunya aku emang udah gak cinta sama kamu,0
"Covid masih positif, wallet makin negatif :)",1
"Wktu kemarin positif bener2 gk kyk orang sakit tauğŸ˜‚cuman batuk doang gk nahan.. 2x antigen negatif, sekalinya pcr (tuntutan kantor) eh positif",1
"Sumpah takut banget dari kemarin gak enak badan, pusing, tulang sakit, dan barusan tiba tiba kepala sakit dan ga bisa bisa nyium bau. Apa gue kena covid ya??? ğŸ˜¢",1
"Untuk kedua kalinya sekeluarga kena Cvd, dan diri ini satu-satunya yg negatif (lagi).",0
"Gw cma gabisa nyium, gabisa ngerasain makanan, sama gampang engap klo naik tangga, pangkal hidung sakit tiap bangun tidur (karna emng ada trouble di hidung)",1
"uda 3 hari sakit tenggorokan nga sembuh nes pdhl udh diobatin huhu mamaci banya yaa, km stay safe!<3",1
Hallo hri ini aku swab mandiri dan hasilnya udh negatif :D,0
"negatif covid, positif halu berkepanjangan",0
"Negatif omicron,positif darah rendah lek ngene ceritane",0
Ya sekarang paling enggak ada SESUATU yang positif dalam diri gua yaitu COPID MWEHEHEHE.,1
"no, aku bkn covid. aku gerd. udah 3 malem susah tidur, muntah2 sampe sesek. puncaknya td pagi bener2 sesek PARAH, dan akhirnya ya begitulah hihi <33",0
"Dannnnnnn... I am covid positive. Kukira kusendiri, taunya ibuk ikutan positif ğŸ¥º puji Tuhan dek evan, dek maria, bapak, negatif. Jgn nyusul deh tolak dlm nama Tuhan Yesus. Gws ya buk, kita berduağŸ’ª https://t.co/0Xfg0Z5urP",1
"Gue gak bisa nyium aroma bau, hidung gue lagi pilek, gue ga enak badan juga. Apa gue kena covid apa yak ğŸ˜‚. Tapi kok ga langsung mati aja coba ya wkwk",1
Enggak nii. Tiba2 ngerasain gejala aja terus kemarin test eehh positifğŸ¥²,1
"Gejala covid pertama yg gue bener2 drop bgtttt tp gue ga isoman smpe akhirnya sembuh sendiri dan ga nular ke bnyk org, skrng covid lagi dan gejalanya cuma flu radng demam mual muntah gue isoman dan nularin ke beberapa org wkwkkwwkkwwkk",1
"Ga bisa nyium, ga bisa ngerasain apa-apa
Kirain aku positif Covid, ternyata cuma dianggep temen ğŸ˜",0
Anjir gak enak banget covid + men + sesek nafas beuhhh anjir sakitnya gak mikir,1
[TF] udah 4harian badan ngrasa lemes ngantuk capek nafas juga agak engap gitu kaya sesek gitu. termasuk covid enggak ya): sharing dulu yuk sebelum aku mutusin buat swab,1
H+1 positif covid 19 yang gua rasa sekarang demam kepala sakit (gejala baru) dan batuk batuk(gejala lama),1
alias AAAAAAAH GUE OVT ğŸ˜­ğŸ˜­ğŸ˜­ gue ga mau positif tapi gue bergejala huhuhu,1
"pernah pas covid, asli 24 jam merem buat tidur sebentar aja ga bisa karena badan panas+sakit semua+diare, sampe nangis wkwkwk",0
Aku negatif horeeee https://t.co/9d5L8owDdF,0
Anjay. Udh negatif covid tapi positif dbd. ğŸ˜ğŸ˜ğŸ˜ğŸ˜,0
"negatif covid, positif menyayangimu",0
"Badan ga enak banget dari kemarin. Mana dari beberapa hari lalu sering ketemu pasien positif covid pula. Ada yg cuma seliweran, ada juga yg sampe bermenit-menit. Apd jg cuma pake masker. Ya Allah.",1
"Sejak gue kena covid, gue jd tau gmn sifat asli orangÂ².",1
VALENTINE-VALENTINE GINI GUE BARU KEDETEKSI POSITIF COVID ğŸ™‚,1
"Semenjak positif c word, gw jadi candu sama aroma kayu putih sksksk. Kayak sehari gak ngirup tuh ada yg kurangğŸ˜­",1
Gue udah positif seminggu jir,1
"Alhamdulillah negatif, hasil antigen hari ini xixixi",0
ALHAMDULILLAAAAH beneran tadi pagi jam 7 aku test negatif terus v juga negatif emg bareng keknya jodoh dah https://t.co/h1xGiJJAZf,0
"Sakit tenggorokan ,batuk dan sedikit demam cuma hasil test negatif covid.",0
oke jadi...gue abis test rapid di kampus........ hasil gue positif *mrenung*,1
"najis gila bgt udh mens hari pertama trs pake gejalanya pegel linu segala ni covid, jackpot bgt sialan lah, ngerusak mood, pengen nonjok org aja gue bawaannya",1
"thankyou yang kemaren udah kirim wishnya huaaa!!
aku udah negatif covid AHAHAHAHAHA
seneng AHAHAHAHA",0
"Sumpah gw 2 hari yg lalu takut bngt kena ini soalnya gejalanya 70% sama. Untung pas dicek negatif :"")

Stay safe semuanyaa",0
"Dada sakit, ku kira COVID ternyata patah hati.",0
"Negatif covid, thank God.",0
Aku positive covid gejala tak banyak. Sesak nafas tak ada. Tapi sakit kepala kerap dan agak kuat.,1
"kukira covid, ternyata gula darah tinggi ft. kolesterolğŸ¥²",0
gue udah negatif covid dongg https://t.co/ngqRzSecqg,0
"Gejalanya yang gue alami batuk gatel kering kerontang, tenggorokan berasa sempit banget kayak orang-orang yg punya pola pikir close minded. Beda sama Delta dulu yg demam tinggi. Dua varian ini sama-sama bikin riweuh sih.",1
Tak bisa mencium kupikir anosmia akibat covid. Tapi ternyata karena bukan siapa siapanya lagi,0
"#.

Gini yaa rasanya positif omicron :))
",1
"aku sekeluarga sepertinya lagi positif cvd-19 kak. bener bener serumah 5 orang. sebenernya belom tau pasti karena belom tes antigen karena ya mahal juga kalo tes :"") tapi yang jelas, kita semua udah ngerasain gejalanya. demam, batuk, pilek dan yang paling jelas anosmia",1
"ini aku ga covid kan ya? anjir lah lemes, batuk, sakit tenggorokan, sesak nafas anjir, mana sakit kepalağŸ˜­ğŸ˜­ğŸ˜­ğŸ˜­ğŸ˜­ğŸ˜­ğŸ˜­",1
Alhamdulillah... Negatif covid,0
"oiya mana kemaren yg bilang alkohol matiin virus covid-19? gw abis minum eh positif, bangke ğŸ˜©ğŸ‘ğŸ»",1
"sehati sejiwa banget ga tuh bias positif, gue juga ğŸ˜­",1
"Alhamdulillah S.Cov, sudah negatifâ¤ï¸
Walaupun aku cuma sbg PDP 5 hari ini. So happyğŸ¥° https://t.co/0q8VwAETsn",0
"Jam 12 siang gw udh mulai panas, badan gw sakiit semua, kepala gw mulai sakit, gw lgsg feeling â€œwah covid gw anjingâ€ğŸ˜­ğŸ˜­ğŸ˜­ğŸ¥² tapi gue bawa boci alias bobo ciangg",1
"Oh jd gini rasanya gejala covid, mangtapğŸ‘ğŸ»",1
Aku sembuh batuk 2minggu setelah negatif corona ğŸ¥²,0
Ok gw negatif udh swab,0
"hari pertama (14 feb) : gampang capek dan pusing banget, demam tpi ga terlalu tinggi, demamnya ga pasti, kadang demam, terus turun lagi, naik lagi suhunya, turun lagi wkwkwk, buat mastiin lagi aku tes pcr",1
Gua gapapa da kena covid lg tpi kenapa pas bsk gua mau wisuda si YaAllah,1
"Selasa kemaren setelah swab hasilnya Puji Tuhan negatif tapi tenggorokan kering dan gatel banget, sampe serak suaranya",0
negatif omicron positif hmm rahasia,0
"Hasil tes gw positif di lab terafiliasi kemenkes, sampe 10 hari isoman tetap ga terdaftar juga.",1
Yaa masa saya positif lagiğŸ˜­ğŸ˜­ğŸ˜­,1
"gue sering kontak erat sm sodara gue yg ternyata positif covid,dan skrg badan gue ga enak,batuk pilek ga enak deh pokoknya,sad bgt moga ga knp""...",1
Di swab udah negatif tapi tenggorokan masih gatel bgt napa yak,0
"Rasa2 bakal kena covid lagi nih. demam, bau ban kebakar di hidung, tenggorokan sakit. Bangsad",1
"Sedang sakitğŸ¤£. Pada hari ke-10 aku mendapatkan surat sehat dan juga alhamdulillah hasil antigen ku sudah negatif, sehingga aku bisa melanjutkan sisa 3 hari isoman di kos. Badanku sudah sehat dan bebas dari gejala yang ada sebelumnya.",0
Kerugian positif omicron : nggak bisa minum dingin dan makan pedes alias tenggorokan lu sakit bgt woooyyy,1
"Negatif covid, positif bintitan ğŸ˜­",0
Fak anjg gue yg lagi kena covid sakit hati bacanyağŸ˜¡ğŸ˜¡ğŸ˜¡ğŸ˜¡,1
"Day 5
so far gak ada gejala berat. Pengaruh vaksin kali ya",1
"ğŸ˜‚ ini inner circle gue pada positive covid. Gue jadi kena psikosomatis. Mana badan gue lagi ga enak. Besok iseng antigen, deh.",1
Gjal covid yg masih stay gw rasain walau udh negatif : ga laper samsek.,0
Gue positif c word ğŸ—¿ğŸ—¿,1
"langsung pcr aja nder, gw juga tgl 12 kemarin udh makin sakit tenggorokkan dan pusing, langsung pcr dan tgl 13 keluar hasil ternyata positif",1
"DAPET COKLAT KAGA DAPET HASIL POSITIF COPID IYA ANYING DIEM DAH LU SEMUAAAAAAA YG MINTA PAP COKLAT PAP COKLAT ANYING ğŸ˜­ğŸ˜­ğŸ˜­ğŸ˜­ğŸ˜­ğŸ˜­ğŸ˜­ğŸ˜­ğŸ˜­ğŸ˜­ğŸ˜­

Mau nangis yaallah gusti astagfirullah Tuhan Yesus ğŸ˜­ğŸ˜­ğŸ˜­ğŸ˜­ğŸ˜­ğŸ˜­",1
"Dirasakan dari gejalanya kayaknya positif omicron nih eug, anying ketularan siapa ini ya",1
Ada yg bikin nafas sesek tapi bukan gejala covid ğŸ™‚,0
"jujur w takut covid. diare, sakit tenggorokan, trs skrg meler ga berenti dan sakit kepala. anj",1
"Iyaaa grgr lg sakit amandel gue salah makan, pas di swab negatif tp ttp aja dituduh omicron kezel",0
Dada sesak kukira covid ternyata belum disuruh nafas ama ayang,0
"Hoax!!! Yg benar, sprt gejala ayan kemasukan setan, bukan gejala Covid!ğŸ˜",0
"Negatif c19

Positif menyayangi Yessica ğŸ˜ https://t.co/V1Lc81sQYj",0
"guys, doakan lah aku ni cepat sembuh dari covid, aku macam dah give up dah ğŸ˜­",1
"kirain kebal, akhirnya tubuh ini give up juga dan berkenalan dengan covid",1
"Bronchitis kumaaat. Males banget batuk mulu, bisa2 gw dikira covid mana sesek nafas segala ğŸ˜­",0
senang betul akhirnya aku negatif covid masszeeehhh,0
"curiga gue kena covid, udah flu tenggorokan serek mana sakit kepala padahal udah minum obat 2 biji",1
Lega gua hasil swab gua negatif #,0
"Negatif covid
Positif pengangguran https://t.co/aVCXQPYPhh",0
Sakit kepala mcm nak mampos. Sial ah covid,1
Uda jaga-jaga biar ga covid eh kena juga ğŸ¥²,1
"Tenggorokan aing sakit, idung mampet, mata panas, keringet dingin, biarin aja besok wfo aing tular2in nih radang. Moga aja bukan covid",1
Heran bgt ye sama omicron ini. Beneran dah. Ini gejala yg w alami sampai hari ini ya.,1
ANJIR KET SMOGA CEPET2 NEGATIF jgn kemana2 duluuu gw jg ni seminggu ini msh positif ğŸ’”ğŸ’” semangat kita,1
sumpah seneng bgt akhirnya negatif ğŸ˜­,0
negatif omicron positif prenjon.,0
"Alhamdulillah udah negatif, resmi magister covid ahahha",0
Tidak semua hal yang positif itu baik contohnya positif omicron https://t.co/Qca4FHxF0L,1
"ga nyangka banget disuruh rehat jalur positif C word. speed recovery yaa, dear akuğŸ’œ https://t.co/TlMBFvHJW3",1
negatif corona positif asam lambung,0
"Hari dimana semenjak dinyatakan ""positif"" covid varian omicorn, badan masih terasa nyeri, batuk berdahak, pilek, tenggorokan gatal dan sakit kepala #pejuanggarisnegatif #positif #isoman",1
hadiah valentine gue masa positif omicron ğŸ˜­ğŸ˜­ğŸ˜­ğŸ‘ https://t.co/ze8BHGZgwq,1
"Alhamdulillah
Setelah isoman h+6 akhirnya negatif jugaâ€¦
Cuma skrg lidah gw rasanya jadi lebih sensitif terhadap rasa asin wkwk",0
"Satu satunya yang positif saat ini adalah, gua positif covid :""D",1
"Walaupun lemes positif copid, tetep harus stand bye coyyyyy https://t.co/aIGQN9YdOD",1
"gw pernah, gejala demam mirip covid, gw kira covid, pas masup IGD,  swab PCR negatif dan tes darah positif DB :D",0
"ada yg kek gue ga si batuk pilek sakit tenggorokan, yaTuhan gue gamau covid lagi",1
Menarik bgt positif covid gini tapi gak ada gejala ğŸ˜…,1
karena di rumah cuman aku doang yg negatif cvd jadi belanja sendiri:') pas gini rasanya pengen bgt punya ayang buat jadi support system dan kemana mana ditemenin wkwkw tapi gapapa aku kuat aku mandiriğŸ¤—â¤ï¸ https://t.co/zTsvc53z7w,0
"ini kok ya kaya ciri2 covid lagi, masa iya gue kena lagiiii? apaansi masih bisa biasa biasa aja gasih nih idup",1
Bulan Juli saya sekeluarga positif covid termasuk anak terakhir saya usia 7 tahun. Dan ajaibnya hanya dia yang sama sekali tidak bergejala dan  tetap sehat walaupun dia punya komorbid asma,0
Jiakhh gue positif cororong lagiii:),1
"Aku juga demam tinggi, dan ga batuk. Swab kemarin negatif. Makan pahit, ternyata gejala tipes. Dan sekarang pilekğŸ˜¢",0
Semoga aku kuat & sembuh daripada covid 19 ğŸ¤²ğŸ»,1
Gue kmrn pas kena covid udah mau KO anjir saking kena semua gejala kyk demam pusing pilek batuk anosmia sesek nafas dll semua gue rasakan :D tp ak sembuh kok alhamdulillah jd yoongi pun jg pasti baik2 sajaaah,1
"pusing, kirain covid. ternyata belum disayang sama ayang",0
kemaren demam naik turun takutnya c19 klo ga db ternyata pas cek lab hasilnya positif tipes ğŸ˜ƒ,0
"Hilang rasa kirain covid, gataunya cuma kaka ade an",0
"ketakutanku jd nyata, aku positif c19 ğŸ˜€",1
Bukan covid aku masih bisa nyium bau sm merasakan makanan,0
"Udah 3 hari ini aku sakit trs gejala yg aku rasain tuh pertama sakit tenggorokan sampe akhirnya Batuk trs nambah jadi ada demam, mual, pusing sama flu nya juga. Udh di swab tapi hasilnya negatif",0
Demam & meriang hilang. Masih anosmia. Saturasi stabil di 99. Nafsu makan ga berubah. Cuma tidak ada rasa ğŸ˜®â€ğŸ’¨ğŸ˜®â€ğŸ’¨,1
"Kan kata gue juga apa, positifğŸ˜”ğŸ™ https://t.co/SjQ7Y5aylz",1
Udah bukan godâ€™s favorite karena udah positif omicron,1
"Sudah resmi menjadi Fian, S.Omicron

alias aku udah negatifğŸ˜­ğŸ˜­ğŸ™ğŸ»ğŸ™ğŸ» https://t.co/LsJgofFvLd",0
"Negatif corona, positif tipes wkwk semangatttt biar cepet kerja lagi ğŸ¤£ğŸ¤£",0
"Puji Tuhan hari ini udah negatif.
Ternyata kesehatan itu mehong sekali, gara gara abai prokes malah kena covid",0
badan sakit bgt kek digebuk 1 kelurahan tp udh 2x swab hasilnya negatif trs jd bingung,0
Day 5 baru ada gejala anosmia cok,1
"Aku lagi positif sekarang OMICRON IS REAL. Gak enak banget batuk pilek, sakit tenggorokan, demam, and nyeri pinggang!!!",1
"eh jangan begitu, aku dua tahun ini selalu punya pacar, aku gapernah kena cvd. sekarang sekalinya jomblo aku positif cvd anjir. *nangis*",1
3 harian sakit kepala gue pusing trs tenggorokan jg gaenak trs flu tp pas dites negatifâ€¦ haduhhh stress bgt,0
"negatif covid
positif kgn ayang",0
"Waduh anosmia lagi gue
Batuk pilek sesak napas 
Moga moga gak kenapa kenapa ğŸ™",1
Aku positif covid ğŸ˜­ doakan aku cepat sembuh ') ğŸ˜­ğŸ˜­,1
Doain gue weh mo sembuh ni dari covidğŸ˜­,1
apa itu tidur guys? apa itu makan guys? positif omicron tidak membuatku rajin makan dan tidur.,1
"Negatif omicron, positif dbd.
(Trombosit normal: 150ribu) stay safe. https://t.co/HpFEhNLV01",0
Gw flue radang antigen negatif,0
gw positif covid ğŸ˜ƒğŸ˜ƒğŸ˜ƒ,1
"kirain aku makhluk terpilih ga bakal kena covid, ternyata kena jugağŸ˜”",1
"Work! Gw positif cvid, baru sudah antigen dan pcr udah, senin nanti hasilny.. Kira kira minum obat apa yaa biar ga parah? Skrg sih cuma rada gaenak badan doang sih ga kenapa knpa bgt gituu gejalanya skrg",1
"Aku juga terkonfirmasi positif, setelah 2 hari kamu terkonfirmasi positif copid ğŸ¥²",1
antigen gue semalem positif semoga ini pcr yang lebih akurat negatif dah.ğŸ˜”,1
"Sakit tenggorokan udah 2hari ğŸ˜­ gamau positif lagi , bnyk cicilan yg harus dibayar",1
Negatif covid positif kolesterol,0
Ku kira covid ternyata dbdğŸ˜Š,0
w negatif covid positif dbd babik sekali ğŸ˜”,0
And AKHIRNYA NEGATIF DRI COVID-- (meskipun hrs isoman 3 hri tpi gpp lah ya) :'),0
Aku flu.. karna idungku kemasukan debu item.. sampe sekarang masih. Untungnya masih bisa nyium bau2an dan negatif ğŸ˜‚,0
negatif untuk covit positif untuk dia,0
"Hari ini aku antigen karena kemarin positif, hari ini AKHIRNYA negatif yaampun senengnyaa tidak ada beban lagi",0
Ada yg pernah positif covid dan hidungnya serasa ditekan jd susah nafas? Sejak semalam kek gini jd sesek + pusing jg ğŸ˜­ğŸ˜­ğŸ˜­,1
"Negatif covid, positif masuk angin. https://t.co/ZSD1e4vyBN",0
"Day 5
Demam sepertinya hilang seusai gejala anosmia datang. tp batuk msh stay.",1
"berasa sesak nafas tapi bukan covid, ternyata jatuh cinta https://t.co/BoctsNZOoY",0
gue positif coronaâ€¦ HAHA hahahaâ€¦,1
"2md day of 2022, tepar, down, meriang, mencret sikit, semoga bukan kena si omi.Soalnya gaada batuk, gaada anosmia juga",1
"Tenggorokan sakit+gatel terus..

Hari ini jadwal swab..
Banyak temen yg positif..
Udah deg2an aja..
Alhamdulillah hasil swab ku negatif..",0
Tenggorokan sakit bgt rasanya kaya pertama kena covid ğŸ˜­ğŸ˜­,1
"wkwkwk finally setelah gelud sama covid hampir seminggu akhirnya negatif, walaupun orang rumah baru pada kena :))",0
"Gue mau apresiasi diri gue sendiri. Berkali kali sekeliling positif omicron, trus gue jg ikutan antigen sana sini. Sempet sakit bergejala gak kerja 2 hari, tpi setelah itu gue negatif trs. Imun gue keren abiezz

So proud of my selfğŸ˜˜ğŸ˜˜ 
Love u laye https://t.co/HVhmMf4LCF",0
Alhamdulillah negatif copid positif crazy. https://t.co/VmngSsH1jQ,0
"Dari pagi udah ngerasa badan anget dan sakit kepala. Terus malemnya di vidcall dan langsung enakan bgtt.

Kirain covid,ternyata cuman mau liat ayangğŸ˜ŒğŸ™ğŸ»",0
Post covid problem: jadi gampang menggigil. Cape gue. Udah 10 hari dari PCR negatif tetep badan ga karuan.,0
"Iya, padahal udah gak pernah kemana2 & paling taat prokes, tapi tetep aja :') Gejala awal cuma sakit tenggorokan, kak. Sekarang sakit tenggorokan taunya positif",1
"Kukira Covid
Ternyata kurang pitamin C",0
"Sayang, aku udah negatif alhamdulillah, zehahaha, zezehahaha.",0
"H+2 setelah dinyatakan positif covid 
âƒdemam udah mulai turun tp misia malah meninggi pdhl di H+1 dia ga ada gejala 
âƒlinu linu sudah lebih baik tp misua skrg yg ngerasain sakit bgt 
âƒpusing yg bener2 sakit banget 
âƒmakan udah mulai cuma rasa2 dominan aja",1
"Hari ini swab aku hasilnya positif, rencana mau pcr semoga hasilnya negatif, jd aku akan rest dulu, aku ga bisa hype ateez dulu, bantu doanya yah moots, kalian semangat vote sama streamingnyaâ£ï¸",1
"kirain sakit karna covid, taunya karna seminggu ga makan gacoan",0
"taun kemaren kena covid, masa taun ini kena yang omicron kek ajg bgt ğŸ˜­",1
"Kirain sesek nafas karena covid, ternyata akibat beban hidup yang berat. #overthinking",0
"Gue covid biasa sih, tapi kaya gejala omicron, awalnya gua kira gua kena omicron, termyata covid anjinh",1
"ini gejala omicron termasuk penciuman jg ilang kah?? gue ga bisa nyium apa"" sama ga bisa ngerasain makanan tp tuh ilang timbul gt",1
No fever whatsoever. Mulai bisa cium bau parfum yg nyegrak (SENENG BANGET ğŸ˜­). Mulut mulai bisa ngerasain rasa manis sama asin meskipun dikiiiittt banget. Batuk muncul beberapa jam sekali doang. Saturasi stabil 98-99.,1
"gw malah demam sm batuk, tp pas di swab negatif",0
"Kok omicron ini diaku malah lebih banyak keluhan dibanding Covid pertama ya. Keluhannya muncul mulai hari ketiga, ya muntah sampe nguras selambung lambung, sakit kepala sebelah juga",1
"Klo ini aku setuju kak, karna aku jga pas covid dulu masuk ke kategori gk bergejala. Sempet keilangan penciuman 2 harian tpi karna pilek jga ya mikir gk aneh but ya positif covid tpi tetep keliatan sehat sampe seruangan gk percaya tes ku positif",0
"Pas sampe rumah, demam tuh smpe 38sekianâ€¦ krna punya alat swab covid mandiri, nyobain lah.. hasilnya negatif",0
"alhamdulillah masih diksh sakit. badan panas, batuk berdahak dan flu tp bukan covidğŸ™ğŸ¼ God is good",0
isoman berakhir alias sy sdh negatifğŸ‘ğŸ»,0
wfh ni negatif covid positif SAKIT PUNGGUNG,0
Gw positif pren ğŸ¥º...,1
Keluarga aku semuanya kena covid (kecuali aku HAHAHA) dan aku keliaran rumah nggak pake masker gblk bangetğŸ¥ºğŸ™,0
"Swab antigen negatif, tapi bersin, dan hidung gatel tidak kunjung berhenti. ğŸ™ƒ Alergi oh Alergi .....ğŸ˜·ğŸ¤§ https://t.co/GKTUiGQzSV",0
"Ini gue bukan positif c kayanya dah, positif mencintai jaehyun.",0
"Yes, negatif covid. Pusingnya karena yg lain. Alhamdulillah 'ala kulli hal",0
Kukira sakit tenggorokan omicron. Udh test 2x ag negatif. Ternyata aku kebanyakan makaroni ngehe ğŸ˜¶,0
"Virus mematikan itu bukan Corona, bukan omnicron, tp asmara, coba hitung berapa bnyk genteng yg dijual gara-gara asmara?",0
"Iyakan ya, soalnya aku takut dikira covid, pdhl mah kbnyakan gorengan.. toh barusan antigen jg negatif",0
Ternyata saya positif corona lagi https://t.co/DjZi4YFkSH,1
Akhirnya saya negatif di Antigen dengan derajat kepercayaan true negative Antigen 97.1. Dapat dikatakan kalau saya sudah tidak Covid.,0
"Day-5, Positive tanpa gejala.
Kalo kata orang rumah â€œa, yg ngirimin makanan banyak banget setiap hariâ€.",1
"Kukira kena covid, ternyata cuma lagi butuh perhatian lebih aja",0
Ooya dan Alhamdulillah w akhirnya negatif omnicoronvora hari ini jadi mungkin agak lebih hepi y bunda2,0
"Negatif covid vibesnya kek â€œsehappyâ€ itu, habis graduationğŸ˜… meanwhile udah pewe dirumah dua mingguan dan mager kemana2 bahkan ke kantor haha. Yuk bisaaağŸ¤£",0
"Badan cuman panas semalam aja, di hari ke 4 hilang indra penciuman.  Udah kena covid tapi masih bisa masak buat orang rumahğŸ˜Š",1
"sudah 6 hari isoman, tapi penciuman ku belum normal.
ga bisa nyium apa-apa, tapi ayangbeb ga ngerasain gejala yang sama walau sama sama posetong :3",1
HEHEHE udh negatif covid :DD https://t.co/bY05e2vj53,0
Batuk doang aja terus diantigen lgsg positif aduh pusing pala w nih ğŸ˜­,1
"katanya gejala omicron lebih ringan dari virus sebelumnya, engga kayanya, aku ga kuat ngerasain ini.",1
"Positif juga gue ğŸ˜“ setelah lolos dari delta yg mengerikan pdhl tiap hari krl-an, sm omicron pun ku tak mampu meloloskan diri",1
"Tiap minggu selalu antigen di kantor, alhamdulilah negatif covid positif cantik ğŸ‘",0
LUNAR UDAH NEGATIF GAES ğŸ˜­ğŸ˜­ Makasih banyak yaa gaes untuk doa dan semangatnya dari kmarin. Makasih dah nemenin selama isoman ğŸ˜˜ğŸ˜˜ğŸ˜˜ Love you @ribetbatdahelah @Z_okiizawa @vixenxenvi @httpswin01 https://t.co/zBINDM1lR2,0
Thanks God gw akhirnya negatif ğŸ˜­ğŸ˜­ğŸ˜­,0
"Tanggalnya bagus ya, alhamdulillah negatif corona positif galau ğŸ™",0
"kena covid lagi ke ni?ğŸ¥º
demam
sakit kepala
sakit badan
batuk
lidah rase kelat.",1
"tiba2 sakit tenggorokan sama suami. Terus suami bilang, â€œ2 hari yang lalu montir yg benerin mobil gak pake maskerâ€ğŸ˜­ğŸ˜­Ya Allah, semoga kami gak menjadi korban kezaliman orang lain. Semoga bukan covidğŸ˜­",1
"Akhirnya ada yang positif didiri gua, positif kok covid tur menyendiri lagi ~",1
"Guys.. Aku positif cororong.. :"")",1
"dada sesak kirain covid, ternyata melihat ayang melirik yg lain ğŸ˜«ğŸ¥´ğŸ˜£ğŸ’” https://t.co/110Tr7GLNe",0
Oke jadi gw beneran positif,1
Alhamdulillah puji tuhan negatif omicron positif ganteng,0
"Alhamdulillah negatif, yash! Bye covid, fck u",0
mengcapek baru jg 2 hr negatif covid dah mau keluar kota lg ajağŸ˜’ https://t.co/sUYUczJw0o,0
"ğŸ¤ haloo, boleh minta doanya supaya tenggorokan sender cepet sembuh & bisa nelen kaya biasa lagi? terima kasiih orang orang baik ğŸ˜Š",1
Kirain covid. Ternyata dbd tahap akhir. Masha allah,0
"Penciuman ilang (lagi). Tarikan nafas beberapa kali terasa berat, batuk juga masih muncul. Indra pengecap juga hmmmm masih hambar. Suhu badan normal, saturasi stabil.",1
pantes aku sesek kirain covid ternyata km larilari disini,1
duarrr dua orang positif omicron di tambah gue satu :),1
Wkwkwkwkwk positif lagi. #omicron,1
"satu hari ini aku flu sma gatal tenggorokan tp bukan mau batuk, takutt bgt pls. taun kmrin baru sembuh dri covid 19 takutt positif lagi ya Allahh ğŸ¥ºğŸ¥º",1
Covid negatif https://t.co/tvHH1qDSlt,0
"Swab negatif, flu juga engga. Tp badan anget, dan ternyata sinus lagi pingin berontak. Fak!",0
Day 4. Gaada perubahan. Kecuali demam mulai turun. Oh dtambah pusing yg cukup bikin jambakÂ² rambut. Di hari ini swab antigen yg hasilnya: POSITIVE. Pdhl kukira dgn demam yg mulai turun dan gejala lain nyemekÂ² bisa bakal negatif. Ternyata ndak dong ğŸ˜‚,1
"Menurut tes antigen saya sudah negatif covid.

Terimakasih atas doa-2 teman semua. ğŸ™ https://t.co/X2GEvzB3MJ",0
"Alhamdulillah negatif, walaupun pernah kontak sama pasien positif. Aku masih diberi kesehatan, resiko kerja dirumah sakitğŸ™‚ https://t.co/5RKVAv4k8U",0
"Demamku dah gaada, tinggal batuk pilek biasa. Eh pas dicek positif, lucu deh omicron.",1
"pusing mulu kirain positif covid, ternyata positif miskin :â€™)",1
"Antigen aku positif tapi nanti malem hasil pcr aku keluarr. Tapi sejauh ini ga begitu parah sih gejalanya, palingan panas sama sakit tenggorokan ajaa :"")",1
"ga nyangka, ternyata ini giliran gue dan keluarga yg positif kena c0v1d. luar biasa sekali tahun iniğŸ™ƒğŸ™ğŸ»",1
gua tuh kalo badan udh meriang gini parno banget. terakhir meriang positif covid soalnyağŸ˜‚,1
"Baru aja kejadian kmren,g ada demam cuma skit tenggorokan,batuk pilek enggak,cuma meriang sehari aja,tp lemes letih lesu sakit sendi bisa smpek seminggu lebih,lgsg ke ugd tryta kena DBD trombo di angka 8000 antigen &pcr negatif. herannya g ada demam sama sekali",0
"Huhu hari ini aku test swab, eh ternyata positif, jadi ya gitu deh ğŸ˜",1
"alhamdulillah hasil antigen negatif, aku anak sehat tubuhku kuatğŸ˜œ https://t.co/XnbxGhUys9",0
"pdhl yg masih batuk2 tuh adek gw tpi hasilnya udh negatif, sdngkn gw cmn tenggorokan rada gatel malah masih positif ğŸ™‚",0
"taehyung negatif, aku juga negatif huhu seneng bangettt hari ini. sehat sehat terus ya ayank https://t.co/R3UvoHO87I",0
"Ini negatif covid, positif darah tinggi saya gara2 pertanyaan netijen ini.",0
"Covid lg covid lg ğŸ˜ğŸ˜ Kemaren gw baru PCR, akhirnya ngerasain rasanya idung dicolok sampe deket mata wkkwkwkğŸ˜µğŸ˜µ sakitğŸ˜­ air mata sampe keluar",1
"Bangun pagi tiba tiba sakit tenggorokan, terus berita covid muncul",1
"Kukira om imron itu nama org, ternyata nama varian covid ğŸ˜­ğŸ˜‚",0
"negatif corona, positif stress.",0
Gue udah negatif tapi tenggorokan masih ga enak. Keknya dosa kebanyakan ngeledek jamet.,0
Udah gejala omicron tau taunya negatif. Puji Tuhan,0
"Stay safe semua aja deh ya, anying udah 3x ini kena copid untung yg ini omicron gejala ringan. Takut aja habis lagi ini badan.",1
"Wah gila sih gejala omicron batuk kering dan tenggorokan gatal ğŸ˜­ berarti bener dong minggu lalu aku covid (?) Wkwk tp ga demam, ga anosmia -_- selama 3 hari trs alhamdulillah udah sehat..",0
Hari ke-5 malah ga bisa nyium bau + ga bisa ngerasa makanan,1
yeayy gw positif ğŸ–•ğŸ˜…ğŸ–•,1
"perut mual, suhu badan tiba2 naik, ya allah gue takut kena covid lagi

semoga aja ngga, efek kecapean doang inimah. harus positip thinking!!!",1
"Waduh, yang dinas bareng udah 8 yang positif covid. Alhamdulillah si gue negatif terus. Ya semoga tetep negatif.",0
"gk bisa bersentuhan kirain karena positif corona, ternyata positif virtual",0
Saya sudah merasakan ciri2 orang kena covid tp saya nggak periksa karena saya yakin pasti di vonis covid. Pemeriksaan di sini lucu2. Orang lain di periksa yg ngrawat malah enggak.,1
Ku kira gejala long Covid. Ternyata memang ada pembengkakan di torax ğŸ¥²,0
"Alhamdulillah gw positif covid, skr ada yg bisa mijitin nyokap gw..
Kesian doi udah seminggu covid, badannya sakit2 dan pengen dipijitin, tapi takut nular ke yg mijitin.

Gw balik swab, hasil gw positif, nyampe rumah nyokap gw langsung mau dipiljitin gw ğŸ˜‚ğŸ˜‚ğŸ˜‚

Covid bestie ğŸ¥° https://t.co/nUynqj8xnL",1
Swab test mandiri kirain bakal negatif eh malah positifğŸ˜­,1
"Positif kan :) gak enak bgt rasanya. Badan mengigil, demam gak turun2, badan ngilu semua, kalo gerak sakit badannya, kalo kulit kegesek juga sakit banget rasanya, dada juga sakit, sakit tenggorokan https://t.co/qHwxjlgPir",1
"Seminggu ini orang di sekeliling mulai positif, kamis antigen negatif, jumat mulai gaenak badan+tenggorokan sakit, siang izin balik kantor, pesen obat di dokter online, semaleman demam + tenggorokan sakit, siangnya mulai enakan badan, swab lagi, dan udah ketebak lah hasilnya ğŸ˜‚ https://t.co/qQfOnafKjm",1
[askrl] valentine bukannya dapet coklat malah positif cororong asuuğŸ¥²,1
hampir 4 hari kayanya soalnya covid sakit kepala gabisa duduk,1
"Baru + covid kmrn minggu. Hari itu pula gue disuruh baca perihal setelah covid dan isoman 10 hari ga perlu pcr. Bahkan org2 yg komen pun menyalahkan perusahaan yg makan duit lah, atau apa lah. Yg bercerita dia pcr 5x ttp positif dan dia merasa di bodohi lah akan hal itu",1
eh sori aje nih grgr lu maksain hybrid kmrn gw positif copid ğŸ˜¡,1
"Kirain akan lolos dari covid, yee kena juga",1
Untuk kedua kalinya positif covid varian omicron anjrit ğŸ˜‚ğŸ˜‚,1
"gue positif covid nih ghois, hati hati ya ghois.",1
"alhamdulillah udh negatif, makasi banyak omicron buat pengalaman nya https://t.co/HFhtuN85rM",0
"Alhamdulillah setelah isoman 16hari , hari ini hasil test pcr aku udah keluar dengan hasil negatif, sama kyk changsub. 
Yuuk bapak eka dan melody lainnya semangat ya pejuang garis 1 covid ğŸ’ª",0
Dan sekarang aku sudah negatif covid,0
"Alhamdulillah sudah selesai isolasi, dan hasil pcr sdh negatif",0
"aku juga udah pcr, pujih Tuhan negatif.
TAPIIII jujur aku mikirnya udah engga engga TAKUTTTT https://t.co/BczEWg4fvD",0
iya nih lg kena cvd :( aamiin makasih yaa ğŸ¥ºâ¤ï¸,1
"4hari yang laluu di swab hasilnya positif, panik pasti. Pertama ngabarin doi sambil gemeter huhu nangiss.
Makasi ya syg udah mau aku repotin luvğŸ¤ @mr_diooct https://t.co/ANldOqxcvg",1
"Positif cororong tanpa gejala tuh sebenernya gak sakit. Ya gapapa biasa aja. Iya. Tapi yg bikin sakit tuh kita sehat dan dipaksa diem di ruangan lama, sendirian, gak interact, minum vitamin, obat makan sehat blablabla kek orang sakit. Gak enaknya itu. Kita sehat tapi kaya sakitğŸ¥º",1
AKHIR NYA GW NEGATIF COVID  ğŸ˜­ğŸ˜­ğŸ˜­ğŸ˜­ğŸ˜­ğŸ˜­,0
"WKWKWKWK SAMA BGT, gue negatif tp ikut bantu jagain adek gue yg positif. ğŸ¥²",0
"negatif covid, tp positif yg laen kan ngeriii ğŸ˜Š",0
yeyy udh negatif covidğŸƒğŸ»â€â™€ï¸ğŸƒğŸ»â€â™€ï¸ğŸƒğŸ»â€â™€ï¸,0
Kalo gak positif udah di Bali kali gw.,1
Aku swab trus hasilnya masih positif,1
Punya lah fobia sampai tiap hari test covid alhamdulillah negatif lagi,0
"Puji Tuhan hasil tesnya negatif huhu soalnya gejalanya persis bgt sama covidğŸ¥²ğŸ¥²ğŸ¥² kalo kalian gejala jangan sungkan"" buat periksa ya asli dah gejalanya covid tuh perrrsiiisss bgt sama flu biasağŸ˜©ğŸ˜©ğŸ˜©ğŸ˜©",0
dada sesek kirain covid ternyata liat kamu suka sama yang lainğŸ˜”,0
Negatif covid positif nganggur https://t.co/UcqN4XzWXZ,0
"aku gejala radang, batuk, pilek gtu sih nder. tp pas PCR hasilnya negatif",0
Akhirnya aku negatif ğŸ¥ºâœ¨ Alhamdulillah.makasii for y'all ilysmğŸ˜†ğŸ’—(ã¤â‰§â–½â‰¦)ã¤ https://t.co/zm6FQYU6Up,0
"Swab ke-21x sejak Juli 2019 (berbeda Lab). Alhamdulillah selalu negatif covid, tapi masih positif bucin. https://t.co/UUxEVrskLe",0
"Gara gara meriang, terus tiduran seharian pas pcr malah jadi covid.. bgst emang",1
"negatif covid, positif panik rameğŸ™ğŸ»",0
Kirain kena covid ternyata kesepian ea https://t.co/ZPDb66j5kU,0
aku kena covid,1
"kirain pusing gara-gara long covid, ternyata cuma lagi gak punya duitğŸ¤’",0
"Yang paling mengganggu selama kena covid part 2 ini: 

- batuk sampe bengek 
- SUSAH TIDUR. Tolong.",1
"Keinget banget malem taun baru kemaren gue kena covid dan lagi lemes-lemesnya, badan panas, tulang ngilu, sakit kepala, selimutan dan denger suara petasan jedag jedug. Makinlah sakit wkwk ğŸ¥²",0
"dari tadi ingusan, bersin bersin, badan panas, gejala covid kah ini?",1
"akhirnyaaaaa lulus Covid!!!!
PCR negatif.

alumni deh~
ğŸ˜˜ğŸ˜‚",0
"omicron gua, gejala nya ga ada yg gabisa nyium atau ngerasain rasa di lidah, cm demam pusing radang",1
Gw antigen negatif tapi mau batuk aja gw takut didenger sama orang2 sekitar gw ğŸ¥²,0
selain positif cofid ak juga positif mencintaimu,1
sumpah yang nakutin dari corona varian omnicron ini adalah gejala yang persis kayak flu. aku udah 6 harian kayak gini dan tadi pcr. puji tuhan hasilnya negatif ğŸ¥²ğŸ¥² semoga kalian semua dikasih kesehatan yang baik yaa <3,0
Saya  lagi  kena covid. Entah  varian  apa..  Tapi  menurut saya  kontak nya sangat cepat... Flu dan  batuk gejala  ringan.. Namun  sendi  dan sakit kepala  yang  sangat.. Juga  panas dan demam   mirip   dengan  gejala  sakit  akibat vaksin Astrazeneca..,1
alhamdulillah aku negatif ğŸ¤© iya udah kok tapi gk tau kenapa badan ku rasanya pegel2 gitu,0
"finally, negatif covid",0
"kemarin pagi ngerasain gejala pilek, tenggorokan ga enak, sumeng, badan pegel, lemes, pokoknya ga enak bgt lah",1
"Anjir gw batuk dikira covid bangsatt, hasil gw aja negatif 
Sumpah ya kesel banget pada ngajauhin gw. Padahal udh ada buktinya hasil test nya aja negatif bangsatt",0
"Alhamdulillah negatif covid, cm positif menangis dompetnya.",0
"Boro-boro mikirin valentine, gue lgi positif copit ğŸ™ƒ",1
Omicron kali ini gw ga ngerasain sakit yg berlebihan cuma bersin trs pilek sehari swab tibatiba positif dah gitu doang ga ngerasa sakit apapun bahkan pilek aja engga sekarang :v,1
Aku positif covid. Tadi antigen untuk ke dokter gigi karena sakit gigi bungsu yg susah banget buat ditahan karena sakitnya nyebar kemana-mana. Tapi jadi gak bisa tindakan. Aku harus apa ya? :(,1
"tadi pagi aku sama istri udah swab, alhamdulillaah negatif ğŸ˜Š",0
hari ini not baad sihh. good thingsnyaa tadi aku swab hasilnya negatif HIHIHI,0
"Sebelum diswab tgl 1 ada demam sama sakit tenggorokan terus pas tanggal 1 demamnya hilang tapi batuk batuk dan suara kayak kodok, pagi di antigen hasilnya positif malemnya PCR hasilnya jg positifâ˜„ï¸ https://t.co/DRO60cOyuU",1
"Gue udh swab di puskesmas dan hasilnya gue positif... Buat org2 yg mandang rendah omicron, please jangan nyebarin ke org lain. Kalian gatau org itu punya riwayat sakit apa.. Gue beneran mau gila ngelaluin 3hari ini.. Rasanya capek ngadepin semuanya..",1
"Negatif covid, positif kangen kamu.",0
"@Thaanitaa_ mba hasilnya negatif mba, berarti antara gejala tifus atau gimna aku ini mba, tapi tenggorokan sma kepala mah masih sakit",0
"Yaa Allah,
Ketika seminggu terakhir ini, sering dapat info orang yg positif (Covid, DBD,Hamil) Saya Positif CACAR...
dan sama, Saya harus Isoman..",0
berusaha tetap santai meskipun sakit tenggorokan gw takut positif ajggg *panik*,1
"Curiga, apa aku + covid ğŸ¥ºâ˜¹ï¸
Kepala sakit bgtt tapi nggak demam, tenggorokan sakitttt, pilek",1
Yang bikin jengkel covid yg skrg tu tenggorokan gatel nya parah bangettttt sampe sakit dan pusing kepala hebat smpe keluar air mata. Hhhh,1
"Alhamdulilaahhhh,hari ke 3 positif covid udah ga ngerasain gejala,cmn tenggorokan aja sedikit gatelll,alhamdulilaahhh terimakasi ya allahhh",1
"Dada sesek kirain covid, ternyata denger kamu sukanya sama yang lain.",0
"Kirain pusing karena gejala covid, ternyata pusing karena belum gajian aja",0
sesek nafas ku kira covid ternyata belom di suruh nafas sama ayangğŸ˜¢ğŸ˜¢ğŸ˜¢,0
"Team terpapar varian omicron juga ğŸ™‹ğŸ»â€â™€ï¸ penularannya emang cepet banget ya waktu itu dapet gejala demam, sakit tenggorokan, batuk dan suara bener bener kayak kodok ğŸ‘º",1
Orang rumah positif gw udh negatif terkadang rasa bingung knp gw yg negatif,0
udh 2 hari ga nafsu makan ğŸ˜­ğŸ˜­ sampe nangis karena hrs paksa makan karena harus minum obat soalnya aku positif.. tapi ga mood makan itu gmn ğŸ˜­ tadi malem masak indomie sebungkus aja ga abis.. ğŸ˜©ğŸ˜©,1
"aku udah negatif kak jacob positif, huft corona anjing",0
"minggu kemarin aku juga sesek di dada dan nyerii... hasil swab negatif cvd, periksa ke dokter ternyata asam lambung naik.",0
Hikmahnya adalah sampe hari ini aku masih negatif covid nuy,0
akhirnya gue negatif covid tapi badan malah drop pas diperiksa malah gejala tipes mantap betul :'),0
Alhamdulillah negatif. baru swab tadi,0
"ngga bisa nyium,kirain covid..
taunya friendzone....ğŸ¤­",0
"Ya gitu la aku, covid ud negatif begonya malah positif hehehe",0
Negatif covid. Positif lara untu ğŸ™ https://t.co/EayKGGn09W,0
"Aku, udah seminggu tenggorokan radang, gatel. Tpi 3x antigen negatif terus",0
"Plot twist dari aku sakit kemarenğŸ˜­
Awal badan pegelÂ² + panas, batuk+pilek, pinggang sakit semua. Kukira aku kena covidğŸ˜­ğŸ˜­ternyata hari ini menstruasi ya allah. Aing udah nethinkğŸ˜­ğŸ˜­ğŸ¤š",0
Udah negatif tapi kenapa masih batuk dan pilek wkwkwk,0
pdahl antigen gw negatif tapi kok kek dimusuhin yaaa???,0
"kmren sempat flu ga enak badan trs dari kmrin ga bisa nyium apapun tapi kalo makan mash lanjut,ini bukan covid kan ya??",1
"14 februari gaada acara valentine"" an, hari pertama positif omicron ğŸ˜’ğŸ˜­",1
"ALHAMDULILLAH YA ALLAH LULUS S3 COVID HAHAHAHAHA SEMOGA NGGAK KENA LAGI YA, AAMIIN! GAENAK BANGET HEH KENA KOPITğŸ˜­ğŸ˜­ https://t.co/6grA5ygb8N",0
"*DAY 2 
TahuÂ² ada gejala batuk, pilek, hidung mampet susah napas. Mual, makan sedikit muntah dan berakhir gua pingsan.",1
"Nafas aku sesak kirain covid, ternyata separuh nafasku ada di kamu ğŸ™‚ğŸ¤®",0
"Covid day 7:

Semalem kebangun karena sesek nafas. Checkin saturasi masih OK. Pagi ini kebangun msh anosmia & batuk batuk kecil. Tenggorokan msh ada sakit",1
Alhamdulillah negatif tapi ni badan gakuat lemes sama gaenak tenggorokan:),0
"Hari keempat, random ajah antigen. Ternyata gue positif covid, baru ajah minggu lalu gue booster. Hadeh.",1
"Pusing kirain positif omicron, ternyata positif gada duit~~~",0
Udah negatif yeyyy bisa peluk cium kucing aku lagiiiiiiğŸ¥°ğŸ¥°ğŸ¥°ğŸ¥° https://t.co/7ghBxOoGrU,0
abis swab puji Tuhan negatifğŸ˜€ğŸ˜ƒğŸ˜„ğŸ˜ğŸ™ğŸ»,0
"Negatif covid, positif semangat ğŸ¥°",0
astaga baru aje gua sembuh dr gejala covid MASA SKRG KERACUNAN MAKANAN SI GUA,0
"Akhirnya selesai sudah drama tentang covid ini, setelah ga bisa pulang dan harus isoman di Bali 10 hari. Finally!! negatifğŸ™ğŸ¼ akhirnya aku bisa pulangğŸ˜­",0
"Ga enak badan lagi , masa iya covid lg anjg kapan sembuhnyağŸ˜«",1
"3 hari ngerasain sakit tenggorokan, rasanya gatel ini tenggorokan, pilek. Langsung disuruh swab. Alhamdulillah negatif, buat semuanya jaga kesehatan ya & taat prokes uhuyy ğŸ¤— https://t.co/tVDjMvRAVe",0
Batuk kering yang tenggorokan gatal naujubila. Trus ini gue gatal2 ruam gitu dah. Gugling.. Ternyata ruam gatal merah ampe rada keunguan gini salah satu efek omicron?,1
aku dah negatif dari covid yeayy ğŸ˜»ğŸ˜»ğŸ˜»,0
duaduanyağŸ¥² aku sempet demam pilek dll tp tetep negatif,0
"Positif covid, negatif bertemu dengannya",0
"ini gara2 ada temen yang positif covid bawaannya jadi sugestian. gejala pusing2, pas liat kalender rupanya tanggal tua ğŸ˜®â€ğŸ’¨",0
"Akhirnya nyoba tes, semacam ngira bakal positif karena tenggorokan gatel, ternyata negatif juga ğŸ¤”",0
"Aku habis swab antigen, karna mendengar temen2ku banyak yg positif, dan kebetulan banget aku lagi radang, demam, meriang. Syukurlah hasilnya negatif~ https://t.co/3T75xfYoty",0
g sih gw kan masih positif ğŸ™†ğŸ»â€â™‚ï¸,1
"bener ya kata org, kita harus terus positif.
buktinya skrg gue positif https://t.co/5BaUE0B1qM",1
"Bahagia banget gw kak tahu swab gw hasilnya negatif, ğŸ˜­
Jaga kesehatan jaga imun",0
kualat ngatain atta covid 2 kali sekarang saya jd kenağŸ˜€ğŸ‘ğŸ¼,1
"minggu kmrn aku positif covid, minggu ini udah negatif, eh malah mas etak minggu ini positif, gantian banget orang orang ini ğŸ¤£",0
"tolong tetangga kost gue klo denger gue batuk sama ingusan gue bukan covid, tp kepedesan lg makan baksoğŸ˜Š",0
"Padahal gw yg positif ga keluar2 rumah samsek
Di dlm kamar aja, keluar paling berjemur itupun di balkon atas kaga di depan rumah ğŸ˜Œ",1
"Awal oktober gue malah sakit tenggorokan udh gtu flu dan ga enak badan
Seharian cuma istirahat.
Semoga ga covid-19",1
"negatif covid
positif stoopid",0
"Tadi abis tes pcr, aku positif.",1
"Negatif cvd, Positif Hamil ğŸ˜ https://t.co/Sq4yhD4uC3",0
Kukira masuk angin ternyata positif covid,1
Gw contohnya...gejala udh covid bgt pas swab negatif pas test darah malah tipesğŸ˜€,0
"Aku dr sabtu kemaren kyk gini, pcr juga negatif tapi demam sama sakit tenggorokan ğŸ¥² gejalanya mirip mirip omicron",0
Covid nya udah negatif batuk nya belum,0
"Akhirnya jadi manusia negatif kembali, udah yak kenalannya bang covid, jangan lagi lagi dah",0
"gejala awal covid gue kira panas dalam.
tau""nya covid anj -_-
sumpah ga enak, badan lu kek remuk tapi ga demam",1
"4 harian bedrest bener2 megang hp cuma sebentar:"") kirain kena covid ternyata grgr nyamuk chikungunyağŸ˜­ğŸ˜­ Puji Tuhan hari ini udah mendingan:"")",0
Negatif covid positif mencintaimu eak eak https://t.co/ebECPCYQwJ,0
"2hari lalu w ga knp2 trs ada antigen kantor hasilnya negatif, tp skrg kok malah agak pilek gini rasanya â˜ºï¸",0
Sakitnya badan bila kena covid ni. Semoga cepat sembuh buat diri ini dan isteri tersayang. ğŸ˜”ğŸ˜”ğŸ˜”,1
"Fiks ğŸ˜·
Negatif covid
Positif sakit pinggang",0
"ganti musim, bikin sakit tenggorokan, ga lucu aja kalo kena covid lagi :(",1
"Udh semingguan rasanya nafas kek agak berat gt, gak nyaman, kek antara sesek gak sesek. Bingung bgt duh apakah ini akibat bb naik apa efek post covid apa sakit maag aku udh naik level?:(",1
PCR gw barusan keluar dan hasilnya negatif!! Alhamdulillah ini hari emang hari terbaik ğŸ˜­ğŸ˜­,0
Negatif covid positif aslam,0
"jadi manusia sehat deh gw selama karantina. Bangun jam 6, olahraga pagi, makan 3x sehari, tidur sebelum jam 12. Hikmah positif covidğŸ˜€ğŸ˜©",1
"Covid gw kali ya ?!

Gejalanya :

Hidung Pilek
Batuk
Badan panas
Pusing sempoyongan
Kepala nyeri
Perut laper
Sekitar pinggul terasa tepos...",1
"Doakan kami sekeluarga positif Covid19. Seisi rumah & sesiapa yg jumpa bapa sy positif dan bergejala teruk. Baru hari ni sy rs kurang demam. Sy yakin vaksin 2 dose byk membantu. Sy sakit kuat, tp deria rs semua masih ok. Bapa sy sdg dlm wad sdg diberikan oksigen. Doakan utk diağŸ˜­",1
"hihi update tudei, aku negatif dan udh masuk keja.",0
sariawan di lidah tuh bikin ilang napsu makan tapi ini lagi ngerasain gejala covid jadi harus ada asupan makanan T.T ga enak bgt,1
"Sesek nafas tak kiro keno covid, ternyata dia suka sama yang lain.",0
gue yang negatif gue yang dikurung anjir??,0
"saya isoman krn positif covid bergejala, bukan OTG. jadi stop dulu chat soal kerjaan, ini kepala masih sakit, udah disuruh mikir report.",1
"Kemarin bangun-bangun menggigil, sakit tenggorokan, lalau adik sama papah tes antigen dan positif. Kemungkinan gue juga ini mah...",1
"dua kali positif, varian awal banget sekarang omicron, life hate me so damn much huh? :(",1
"Quarantine day3 
Gue sbnrnya ga kena corona cmn atasan gue kena omicron trs Kemaren tes covid eh semua positif kecuali gue negatif bersyukur bgt, tapi yaa jadi libur panjang bgt ini mahğŸ˜­ haduh 12 hari ga kerja rugi 59.184yen sekitar 7jtan aaa duit gueğŸ˜­ https://t.co/CzPBBZVUZ4",0
"Baru aja seneng kalo sunoo udah negatif covid, eh malah gue yang positif sekarang ğŸ˜­",1
negatif Covid-19 positif pincang. ADE ADE AJE ELAH,0
Lega bgt udah negatif ğŸ™,0
Skrg saya positif covid (untuk kedua kalinya â˜¹ï¸). Sepertinya sih omicron ya karena gejalanya mirip flu tapi lebih terasa berat dan bikin badan lemas. Saya tertular dari teman yg pulang kuliah dari LN (padahal dia sudah karantina). Tetap waspada ya guys ğŸ™,1
"Kemaren awal kena covid tenggorokan sakit, skrg tenggorokan sakit jadi parno sendiri",1
Aku kmrn kena corona. Abis bisa nyium lagi n sampe skrg kalo nyium bau dr alkohol kek parfum kek nyium bau bakaran ato g kek wangi bensin. Semua parfum yg ada alkoholnya. Syaraf penciuman nya kek bingung gitu,0
"aku lagi positif omicron nih... gejalanya demam sampe 39Â° tapi cuma sehari aja. terus batuk pilek, pusing lemas dan pegal linu",1
"lgi radang boleh makan pedes ga sii:( ini radang grgr kebanyakan minum es teh nusantara apa covid y,, tp tgl 14 terakhir keluar udh swab trs negatif eh tbtb kemarin radang hue",1
"Ingin berbagi informasi, klw sy sdh negatif, alias udh s1 cororo xixixixix https://t.co/7W9Xlqc1Ym",0
"ternyata gue batuk terus sakit tenggorokan ni bukan karna positif covid, tapi karna abis nyobain rokok superğŸ˜­",0
Akhirnya negatif juga. Bye bye covid! Terima kasih atas pengalamannyağŸ¥²ğŸ™ğŸ¼,0
AK KIRA COVID TERNYATA RADANG WKWKW,0
"gejala mirip pas covid. demam tinggi, radang tenggorokan, sakit kepala, badan pada sakitğŸ˜µâ€ğŸ’«",1
gabisa nyium kirain covid ternyata bukan milikkuğŸ˜­,0
"seminggu radang, mulai 2hari batuk makin intens, skrg udah mulai anosmia ğŸ˜­ apaÂ²an iniiii ğŸ˜­",1
"Day 5
Gejala mulai berkurang semua, sisa batuk sama pilek . Yang paling berat indra penciuman dan perasa pergi entah kemanağŸ˜¶",1
"Lagi hamil dan covid itu rasanya.. Udah patah hati + badan sakit + nafas sesek. Dikasih nikmat calon anaknya tetap sehat, berat dll nya normal semua itu dah bersyukur luar biasa ğŸ¥º Alhamdulillah. ğŸ˜­ğŸ™",1
"Demam sama tenggorokan sakit buat nelen, kirain kena covid lagi ternyata mau tumbuh gigi ğŸ¥²",0
"Semenjak kna covid, w gampang bgt sakit kepala, gampang demam jugağŸ˜©",1
huhuhuhuhu gw positifğŸ˜©ğŸ˜©ğŸ˜© valentine an malah positif,1
Alhamdulillah hasilnya negatif. meriang membutuhkan kasih sayang bukan meriang covid-19 https://t.co/J2KpGbn41m,0
positif yg kedua ini gw jadi chill engga sepanik kaya tahun kemarin. ya mau gimana lagi sakit jg dtgnya dri tuhan.,1
"Akhirnya negatif, berlumut gw di kamar",0
aing batuk sakit tenggorokan kehed lain covidğŸ˜,1
"hari ini aku negatif yayayayyy, setelah 9 hari dirumah aja berbuah hasil jd s.cov,, big thanks to my boyfie yg mau nemenin streaming film tiap malem jd ya ga sedi2 ama dirmh doangğŸ˜ğŸ‘ğŸ» https://t.co/87JcbKX9Hs",0
Abis nikah bukannya positif hamil malah positif omicron ğŸ¥º,1
"Alhamdulillah jantungku sehat, paru-paruku sehat, negatif covid..
Cuma hatiku masih sakit karena mu..",0
"kukira covid, ternyata masuk angin",0
Negatif covid woyy gue senengg askaskakskakğŸ˜­ğŸ˜­,0
Aku cma sakit tenggorokan trs di tes hasilnya positif,1
"Gw kena fitnah dirumah gara-gara batuk krn alergi udang, trus dikirain kena omicron. Pas udah tes pcr, ternyata negatif. Ini covid ga cuman nyusahin yg kena doang, yg ada masalah alergi jadi korban fitnah. Omicron bgst",0
Malah positif omicron saya Mah min baru kemaren di tes di rs. Skrg isoman,1
"alhamdulillah negatif covid, positif cantik",0
"6 bulan yg lalu setelah vaksin sinovac  dosis pertama nder rasain anosmia,batuk dan hilang rasa di mulut,Sampek 4 Minggu,habis itu Alhamdulillah nggak pernah sakit lagi",0
"Gw positif cvd, semoga cepet negatif.",1
"Batuk hari2, Alhamdulillah negatif.",0
"Covid covid gini kirain vaksin, masker dll yg bakalan langka, ternyata minyak goreng yg jadi langka",0
"Sama. Gue juga ini tiap ngerasa ga enak badan dikira udah kepapar, tapi setelah itu swab negatif. AnehğŸ˜€",0
"Semenjak kena covid malah makin mual, gimana mau makan banyak cobak",1
"Bisa2nya pas gw lg sakit parah hmpir pingsan kaga positip, tp giliran tinggal batuk malah positif",1
"hari pertama positif covid, biasa aja, flu dikit, badan pegel pegel, seneng krn bisa istirahat, seneng krn bisa libur kerja wkwkwk",1
"Dan Alhamdulillah aku, ayahku, dan adikku yg satunya lagi (kembar) masih dikasih hasil swab pcr negatif walaupun perhari ini mulai pada agak gatel tenggorokan, meriang, batuk, dan pilek ğŸ˜ª",0
alhamdulillah udh negatif covid,0
Haha gw positif cororong...,1
"Hasil swab gw udah negatif, akhirnya bisa balik pkl lgi ğŸ˜£",0
"Sesek nafas kirain kena covid,ternyata dia suka sama yang lain.",0
"Demam, batuk, muntah, pusing kirain kena covid taunya tipess. Ini akibat makan baso aci pedes lupa pake nasi wkwk anak lambung canâ€™t relate https://t.co/3AeCenNVvP",0
alhamdulillah negatif tp tmn gue positif:(,0
"Aq nggak boleh ngantor dlu, gara2 batuk sama tadi abis demam, disruh antigen dlu, semoga aja negatif Ya Allah, klo positif bingung yg ada, masak diperantauan harus isolasiğŸ˜­ https://t.co/I5csEsAwf5",1
"Tuh kan negatif, tpi knp sakit kepala, demam ama sakit tenggorokan yah, takut omicron anjir, mau pcr gak punya duit mahal bgt disini ğŸ˜­ https://t.co/2UcSLt1t1O",0
"beneran deh covid seserem itu, awalnya gue juga sakit tenggorokan pas tes pcr gataunya + :(",1
"tapii pas kena covid kmrin keulang lg. apalgi di hari 1-5. sesek nafas, buat ngomg aj susah bgt dah kek di ujung maut karna selain sesak nafas jg demam, pusing, batuk. dah cukup y covid ajg u dah pernah nyiksa w.",1
"Alhamdulillah akhirnya negatif setelah 7 hari isoman karena omicron. Subuh jumat pekan lalu tiba tiba badan lemes, nyeri sendi, demam, diare dan kepala pusing, kurang lebih 3 hari tepar di kasur https://t.co/VZ1dHHGwu0",0
Aku 7 hari udah negatif walaupun kadang masih suka batuk dikit,0
jujur aja hari ini gaenak badan sama tenggorokan gatel.. trs temen2 gue satu2 pada positif jadi akhirny swab.. dan alhamdulillah negatif.. TEMEN2 JAGA KESEHATAN SEMUAAAA â¤ï¸â¤ï¸â¤ï¸â¤ï¸ https://t.co/kgulBJ5eQT,0
"Kira2 memungkinkan ga sih aku positif covid yang kedua kalinya? Apa aku harus test lagi?
2 hari ini setelah ngerasa ga enak badan ga ada keluar sih kecuali beli makan doang :')",1
ada yg positif covid tp ga ada gejala sama sekali? yg salah alatnya apa beneran positif sih ğŸ˜­ bingung bgt gw,1
"buset efek samping covid ga maen maen njir rasa sesek nafas nya kerasa smpe skrg, sakit bgtt",1
"Kayaknya gue radang tenggorokan deh
Batuk kagak selesai2
Pcr negatif",0
"Kontak erat dgn kawan yg positif omicron, saya test dua kali hasilnya negatif.",0
"Semenjak kena covid, berjemur jadi 3 kali. Pagi, siang , sore. Jadi kanebo kering bos",1
udah bukan positif syg km tp positif corona âŒâŒâŒâŒâŒâŒâŒâŒ,1
aku juga begini. covid kepala sakit bgt ga ngerti lagi ğŸ˜­ğŸ˜­,1
"Dulu jalan jauh biasa aja ga ada capek2nya. Skrg jalan 5 menit aja dengkul kyk mau copot, nafas ngos2an badan jadi berat. Efek covid emang ga enak bgt",1
"gws beb, gua malah positif omicron :)",1
Semuanya positif aku doang yang negatif. Gak bener emang si juan https://t.co/zY9DieWM77,0
"Bener2 selama di Purwokerto gue makan minum apa aja ga peduli tepung, minyak, gula, semua dimakan, ujug2 tenggorokan gatel banget, malah parnonya covid karena cenah gejala omicron tenggorokan gatel. Hamdalah hasil swab negatif. ",0
Barusan swab ak positif cabat,1
tapi untungnya gue negatif,0
"gatau ini omicron apa bukan, 2 hari lalu badan lemesss parah,linu linu,sendi nyeri,tenggorokan sakit,berdahak tp ga batuk,demam,trs skg flu berat",1
"Me, definitely (+) Omnicorn.Batuk âŒPilek âŒAnosmia âŒDemam ringan âœ”ï¸Tenggorokan sakit âœ”ï¸Badan pegel âœ”ï¸Akunya gpp, yang sedih tuh anak 3th lebih kesakitan ğŸ˜¥",1
"Aku malah sakit tenggorokan doang sih dek, terus pas tes positifğŸ˜­",1
Bisa2nya gw positif covid ajgğŸ™„,1
"gua kira covid itu ga nyata 
sekarang gua ngerasain gimn rasanya kena covid  makan susah tidur juga ga bisa dadak sesak kepala sakit bangt kayak mau pecah tenggorokan nyeri bngt intinya gua sensara lh",1
Ternyata bosan juga yh dikamar trus garaÂ² positif copidğŸ˜­ tapi bersyukur bgt sklhnya gk diliburin wkwk:),1
Gue valentine malah positif wkwk :(,1
"Ada yang lagi batuk, pilek, tenggorokan sakit berhari hari gasembuh gasiii??? Gua hampir 4 hari gasembuh dah ke dokter juga tapi negatif covid.",0
covid sembuh gagal ginjel melanda minum obat 8 butir ajg,0
"plg ke rumah pun, gue lgsg pisah kamar dengan anak dan istri. udah status siaga 1 siap2 kalo gue positif lagi.
8. hari sabtu pagi, hasilnya keluar. dan ternyata bener gue POSITIF COVID lagi. 
yg pertama Delta, yg kedua Omicron.",1
"Makin ke sini rasanya makin pegel, kirain karena covid, ternyata emang beban tanggung jawab yang bertambah",0
sesek nafas lagi tapi bukan covid,0
Hari ini nganter 2 orang antigen yg hasilnya positif dan alhamdulillahnya aku negatif ğŸ¥º,0
"temen kerja pd positif, alhamdullillah gw negatifğŸ˜­ğŸ˜­",0
"Bjirr satu kantor positif omicron, untung aing negatif",0
Baru mau booster malah positif omicron ğŸ¤¯,1
"Kepala sakit, tangan kaki dingin, flu, tenggorokan sakit, makanan ga ada yg enak, di swab negatif. Akhirnya ada istilah ""demam biasa""",0
"Suami positif,aku anak2 negatif semua",0
barusan terjadi parno msk kantor krn tenggorokan gatel utk hasilnya negatif jd bisa kerjağŸ˜­,0
"Alhamdulillah ğŸ˜Š aku juga udah negatif din, seminggu lalu aku positif covid krn gejala demam, batuk pilek ğŸ¥º",0
corona positifnya selain gw beneran positif corona tabungan gw banyak (ga bsa kmana mana),1
Hah apaan orang gw kemaren pilek + batuk swab bisa negatif kok,0
Badan nggak enak dan flu berat tapi berkali-kali PCR test negatif tuh jadi sekadar mengingatkan bahwa masih ada penyakit lain di dunia ini selain Covid. ğŸ™,0
gw kmrn dicek karena batuk parah sama sesek nafas sih ini sebelum covid btw terus ternyata pneumonia,0
"Yey â€¼ï¸ Hari ini aku dinyatakan negatif dari Covid-19, setelah 1 minggu lebih positif.",0
"Sempet flu, terus sakit tenggorokan yang kalo nelen ludah aja sakit betul, batuk berdahak sampe hilang suara, demam, badan nyeri semua, udah deg - degan bgt takut positif eh pas swab hasilnya negatif ğŸ˜­ bahagia luar biasa.",0
"Tenggorokan  sakit gara2 minum es pas cuaca panas. Trus was2 kena covid lagi, jadi ngendus minyak telon seharian ğŸ™ƒ",1
"tiba - tiba sesek napas, kukira kena covid tapi ternyata karena separuh nafas ku ada di kamu",0
"Sama dok, 2 minggu yg lalu ga ada angin ga ada badai tiba2 tenggorokan gatel dan radang, tes antigen negatif. Dikasih minum obh kombi batuk flu + dekolgen 4 hari udh sembuh...",0
udah swab dan hasilnya negatif tapi parnonya masih ada soalnya orang-orang disekitar satu persatu pada positif padahal udah booster,0
"kemarin mual trus muntah gitu, trus gua parno karena keluarga gua baru sembuh dr covid, trus akhirnya gua swab aja allhamdulillah negatifğŸ˜­ gua udah takut",0
"Terjebak di bali karena positif omicron, dan uang sudah menipis",1
Gw positif covidğŸ˜­ğŸ˜­ğŸ˜­,1
"D-4 
Udah jauh lebih baik
Dari bangun tidur udah ngga sesak
Ngga demam 
Tapi..
-pilek
-tenggorokan kdng enak kadang engga
-batuk ringan (kdng"") 

Soooo jadi me sagat excited buat kepikiran kalo virusnya udah ngga ada,
Alhasil aku tes antigen again, eh masih positif ternyata ğŸ˜†",1
"Kepala pusing, kirain kena covid. Eh ternyata belom dikabarin, di kirim pap sm ayang ğŸ˜”",0
"agak parno skrg kalo badan pegel2. gara2 kmrn baca berita ada yg positif covid tapi gaada gejala batuk pilek, cuma pegel2 aja huhu",1
"AkuğŸ˜¢ kemarin tes positif 
makasih bnyk ya soruuuğŸ˜­ğŸ˜­ğŸ«‚",1
kukira covid ternyata tbc,0
gw positif HEIJEUSJDUDUDHD GWSğŸ™ğŸ» https://t.co/gGp8cWBbUK,1
Setiap pagi pasti meriang.  Inilah yg ku rasakan when magister covid,1
sesak nafas kirain karna covid taunya karena separuh nafasku ketinggalan di clp ğŸ¥ºâ˜¹,0
"Isoman hari pertama setelah dinyatakan positif :

Hidung gue mampet wkwk kulit gue kering jadi gue checkout sheetmask, si aa gak mau isoman di hotel jadi gue bertahan juga di kamar yang sempit ini ğŸ˜”",1
Sakit tenggorokan wkwkw tapi bukan covid kok,0
Aku positif omicron + radang. Double sakitnyağŸ™‚ tolong doain supaya aku cepet sembuhğŸ˜­ğŸ’”,1
alhamdulilah akhirnya gue negatif ğŸ˜­ğŸ˜­ğŸ™ğŸ¼,0
"aku demam tinggi banget, tenggorokan sakit... takut positif:(",1
"hi bestie, Alhamdulillah aku negatif omicron â˜ºï¸ğŸ‘ğŸ»",0
kena covid lagi tahun ni tapi kalini punya teruk... tak pernah sakit sampai macam ni,1
DOH GUA KIRA GUA OMICRON NJIR TAUNYA TADI NEGATIF TP TMAN SERUANGAN GUA DI KNTOR 3 POSITIF.,0
Setelah seminggu lebih insomanğŸ¥° yeeahhhh aku negatif girlssssğŸ¥°ğŸ¥° hallo aku alumni omnicorn wkwkwk https://t.co/vP0Vyf5509,0
gejalanya kek covid astagfirullah naudzubillah ğŸ˜­ğŸ˜­ğŸ˜­ nyesel bgt kemaren keluar rumah buat cuci mobil doang padahal udah ga enak badan pulang2 ga langsung mandi malah duduk2 dlu ya abisan dada seaek bgt ğŸ˜­ğŸ˜­ jangan kopid plisssss jangan Ya Allah ğŸ˜­ğŸ˜­ğŸ˜­,1
"kemaren udah swab dan hasilnya negatif, tp hari ini bener bener ngerasa kek awal covid dulu. semua badan linu2, tenggorokan agak sakit, badan panas, perut mual, kepala pusing. lengkap bgt",1
"Udah beberapa hari ini ga enak badan, trus tadi malam demam, hari ini nya badanya panas gitu, ga asik. Tapi aku ngerasa ga ada gejala menuju ke covid. Should I swab?",1
Morning menuju siang gengsss ğŸ˜š btw minta doanya yaa aku positif covid doain ya semoga bisa cepet negatif lagi ğŸ¤—â¤,1
"Anying, gw hampir depresot krn covid ini. 11 hari napsu makan ga naik2 ğŸ˜­ğŸ˜­ğŸ˜­",1
"Kecolongan gw ini mah beneran ky flu biasa sih anjir pas d antigen positif ahhhhh semangat cel, semangat kitaaa ğŸ¥²ğŸ¥²",1
"Pernah, dan ga sadar klo kena covid. Ketauannya pas udah sembuh malah",0
"Covid-19 positive day 6 

Batuk 
Sakit kepala 

Sama je",1
"Badan demam, nyeri sendi, kukira positif covid, eh ternyata positif kanker(kantong kering).",0
"Aku alhamdulillah cuma demam, batuk pilek, sama anosmia, soalnya kena pas udah vksn dosis 2",1
Gw minggu lalu jg udah berasa ga enak badan bgt tapi untungnya tiap antigen selalu negatif ğŸ˜­ğŸ™ğŸ¼,0
"Gue sakit tenggorokan rasanya kaya kering bgt terus sakit kepala, yaallah jangan sampe covid yaallahğŸ˜­ğŸ˜­",1
Akhirnya positif jg... Isolasi mandiri,1
Covid day 2: mulai kena sinus karena area jidat pusing bgt + kadang blackout. Asma jangan kena yesh huhu gaenak mums naudzubillah deh ğŸ™‚,1
Padahal udah di swab hasilnya negatif. Tapi kalo kondisi lagi agak demam sama flu kaya bersalah juga ğŸ˜“,0
w ga sedih positif covid. w malah ngakak soalnya respon org pada kocak. terus enak juga bisa mgetawain yg kena covid & ngeledekin skrg soalnya senasib,1
"Jaga kesehatan temen2ku, sumpah covid ga enak. 2 minggu lebih badan gua lemes, pusing giniğŸ˜­",1
